,WHO_TYPE
8742,Omicron
6761,Iota
7415,Iota
358,Alpha
3006,Epsilon
8252,Omicron
4436,Epsilon
9470,Kappa
5805,Gamma
5455,Gamma
9499,Eta
2539,Delta
4758,Gamma
4735,Gamma
4472,Epsilon
1677,Delta
9329,Beta
10191,Lambda
10441,Beta
878,Alpha
181,Alpha
693,Alpha
9808,Eta
6713,Iota
6194,Iota
10375,Mu
5475,Gamma
6890,Iota
5361,Gamma
5767,Gamma
9174,Beta
6048,Iota
996,Alpha
7228,Iota
3857,Epsilon
1923,Delta
10984,Eta
9822,Zeta
8116,Omicron
3803,Epsilon
8433,Omicron
1271,Alpha
9278,Beta
5250,Gamma
3209,Epsilon
2485,Delta
1307,Alpha
381,Alpha
1894,Delta
3468,Epsilon
7395,Iota
3546,Epsilon
10393,Zeta
5723,Gamma
9325,Lambda
9084,Zeta
636,Alpha
6733,Iota
2771,Delta
10692,Eta
10874,Eta
432,Alpha
9318,Zeta
3300,Epsilon
8111,Omicron
8134,Omicron
7406,Iota
10607,Eta
5044,Gamma
9220,Zeta
8751,Omicron
1456,Alpha
4857,Gamma
10439,Beta
7491,Iota
701,Alpha
9526,Zeta
2604,Delta
9855,Zeta
5070,Gamma
5875,Gamma
5777,Gamma
8186,Omicron
5924,Gamma
6993,Iota
11295,Beta
2393,Delta
2158,Delta
2530,Delta
3556,Epsilon
619,Alpha
5160,Gamma
8738,Omicron
2650,Delta
8629,Omicron
3705,Epsilon
3607,Epsilon
2417,Delta
1036,Alpha
10476,Beta
3673,Epsilon
10906,Eta
3785,Epsilon
6395,Iota
1914,Delta
5881,Gamma
5097,Gamma
4367,Epsilon
9439,Beta
721,Alpha
644,Alpha
8451,Omicron
4118,Epsilon
3597,Epsilon
1408,Alpha
3259,Epsilon
7687,Omicron
1250,Alpha
10480,Lambda
6716,Iota
8563,Omicron
5314,Gamma
6628,Iota
2661,Delta
9398,Zeta
2576,Delta
3712,Epsilon
8400,Omicron
3390,Epsilon
4133,Epsilon
1189,Alpha
6892,Iota
9583,Beta
1970,Delta
10051,Eta
9170,Beta
9848,Eta
10155,Mu
6612,Iota
1046,Alpha
10502,Zeta
11012,Beta
7416,Iota
67,Alpha
10975,Eta
11191,Eta
2468,Delta
1223,Alpha
10752,Eta
6630,Iota
5625,Gamma
5781,Gamma
8871,Omicron
7403,Iota
7614,Omicron
5906,Gamma
1907,Delta
6732,Iota
9405,Zeta
8366,Omicron
2026,Delta
1225,Alpha
11258,Eta
7657,Omicron
3273,Epsilon
8847,Omicron
5798,Gamma
3178,Epsilon
10806,Eta
3301,Epsilon
3782,Epsilon
10764,Eta
4889,Gamma
5295,Gamma
10081,Eta
1900,Delta
5743,Gamma
6626,Iota
10723,Beta
5932,Gamma
9726,Eta
61,Alpha
6431,Iota
4745,Gamma
332,Alpha
180,Alpha
6359,Iota
1691,Delta
4441,Epsilon
10290,Lambda
7394,Iota
1430,Alpha
6800,Iota
5433,Gamma
6670,Iota
7722,Omicron
5550,Gamma
6653,Iota
1208,Alpha
5185,Gamma
3405,Epsilon
9370,Lambda
7586,Omicron
5702,Gamma
8401,Omicron
286,Alpha
8700,Omicron
1078,Alpha
8174,Omicron
1552,Delta
1616,Delta
11204,Beta
2043,Delta
4804,Gamma
10394,Beta
4882,Gamma
6522,Iota
1688,Delta
8110,Omicron
4724,Gamma
5601,Gamma
10976,Lambda
6931,Iota
4111,Epsilon
1586,Delta
1588,Delta
2381,Delta
1653,Delta
2983,Delta
1335,Alpha
4074,Epsilon
694,Alpha
5268,Gamma
2678,Delta
8622,Omicron
8995,Omicron
10159,Beta
2233,Delta
3003,Epsilon
8638,Omicron
960,Alpha
11275,Eta
5444,Gamma
1157,Alpha
2994,Delta
8427,Omicron
3465,Epsilon
10297,Kappa
2168,Delta
4292,Epsilon
6487,Iota
6157,Iota
239,Alpha
6751,Iota
7011,Iota
5222,Gamma
7746,Omicron
9390,Beta
8049,Omicron
9898,Zeta
2108,Delta
5626,Gamma
5369,Gamma
4898,Gamma
8072,Omicron
1753,Delta
919,Alpha
5224,Gamma
8753,Omicron
4974,Gamma
9098,Zeta
1974,Delta
274,Alpha
9104,Zeta
4175,Epsilon
3438,Epsilon
2763,Delta
2725,Delta
8565,Omicron
3959,Epsilon
6566,Iota
7644,Omicron
3241,Epsilon
4342,Epsilon
3952,Epsilon
3164,Epsilon
3046,Epsilon
1476,Alpha
10622,Eta
9773,Lambda
10067,Mu
9950,Eta
8894,Omicron
3050,Epsilon
3332,Epsilon
10343,Lambda
4615,Gamma
9753,Eta
11027,Zeta
3039,Epsilon
2609,Delta
1902,Delta
7104,Iota
9890,Eta
3266,Epsilon
9294,Eta
10369,Lambda
10867,Eta
10203,Zeta
3629,Epsilon
7532,Omicron
11075,Beta
1375,Alpha
7045,Iota
10003,Lambda
767,Alpha
41,Alpha
2219,Delta
6041,Iota
2098,Delta
10326,Zeta
3735,Epsilon
5288,Gamma
10197,Lambda
1672,Delta
7025,Iota
2671,Delta
8133,Omicron
6113,Iota
5095,Gamma
3331,Epsilon
7334,Iota
4515,Gamma
9151,Zeta
5862,Gamma
1706,Delta
3086,Epsilon
4953,Gamma
4951,Gamma
8612,Omicron
5228,Gamma
3391,Epsilon
7261,Iota
2951,Delta
3250,Epsilon
5226,Gamma
2018,Delta
1886,Delta
9549,Lambda
10582,Eta
4743,Gamma
1411,Alpha
9791,Beta
3741,Epsilon
6174,Iota
6821,Iota
623,Alpha
2300,Delta
5854,Gamma
4065,Epsilon
4640,Gamma
1811,Delta
3612,Epsilon
6325,Iota
9559,Beta
8136,Omicron
4769,Gamma
1293,Alpha
9730,Beta
4911,Gamma
3524,Epsilon
10665,Eta
8332,Omicron
3189,Epsilon
2097,Delta
4432,Epsilon
6235,Iota
8422,Omicron
7880,Omicron
7164,Iota
10990,Beta
990,Alpha
826,Alpha
9597,Beta
6149,Iota
11028,Beta
7159,Iota
929,Alpha
9928,Eta
402,Alpha
9152,Zeta
7194,Iota
9540,Eta
2982,Delta
5953,Gamma
5264,Gamma
5797,Gamma
11142,Beta
4236,Epsilon
8573,Omicron
8610,Omicron
10997,Beta
10920,Zeta
7099,Iota
9707,Eta
6590,Iota
5716,Gamma
5316,Gamma
3979,Epsilon
1981,Delta
10654,Lambda
7835,Omicron
4551,Gamma
3525,Epsilon
3602,Epsilon
6886,Iota
2967,Delta
5600,Gamma
1436,Alpha
6884,Iota
3972,Epsilon
7925,Omicron
6267,Iota
9204,Zeta
4608,Gamma
4609,Gamma
5958,Gamma
2200,Delta
361,Alpha
10602,Beta
3942,Epsilon
10426,Beta
3646,Epsilon
876,Alpha
1344,Alpha
846,Alpha
3915,Epsilon
6355,Iota
2859,Delta
5215,Gamma
2464,Delta
8828,Omicron
9224,Zeta
9153,Zeta
3269,Epsilon
7730,Omicron
843,Alpha
9758,Lambda
4961,Gamma
6621,Iota
10280,Lambda
1939,Delta
10061,Eta
3354,Epsilon
9721,Kappa
5836,Gamma
11326,Beta
11049,Beta
8326,Omicron
3410,Epsilon
2203,Delta
10070,Eta
5519,Gamma
10887,Eta
9286,Zeta
4500,Gamma
2284,Delta
3662,Epsilon
533,Alpha
6907,Iota
5172,Gamma
4728,Gamma
2717,Delta
7708,Omicron
5387,Gamma
2712,Delta
10263,Eta
8376,Omicron
9360,Eta
8764,Omicron
10348,Mu
6984,Iota
5545,Gamma
2194,Delta
7963,Omicron
8459,Omicron
4233,Epsilon
7677,Omicron
6128,Iota
9138,Eta
10001,Beta
8491,Omicron
2986,Delta
1501,Delta
1938,Delta
2500,Delta
4742,Gamma
6160,Iota
3736,Epsilon
5034,Gamma
4890,Gamma
9456,Eta
4247,Epsilon
6425,Iota
7434,Iota
11261,Eta
1760,Delta
1054,Alpha
6933,Iota
2180,Delta
192,Alpha
165,Alpha
6755,Iota
10774,Eta
955,Alpha
5546,Gamma
6634,Iota
330,Alpha
2636,Delta
681,Alpha
11312,Beta
9288,Beta
2103,Delta
11316,Beta
9249,Zeta
6776,Iota
10919,Zeta
1464,Alpha
9365,Lambda
6055,Iota
3181,Epsilon
1366,Alpha
6277,Iota
4361,Epsilon
6730,Iota
6910,Iota
7890,Omicron
3265,Epsilon
94,Alpha
7487,Iota
6263,Iota
5824,Gamma
4970,Gamma
5218,Gamma
8198,Omicron
1642,Delta
1525,Delta
9245,Zeta
2167,Delta
1365,Alpha
9714,Kappa
3004,Epsilon
9581,Beta
7476,Iota
5482,Gamma
4844,Gamma
6849,Iota
4602,Gamma
3759,Epsilon
1996,Delta
10973,Eta
1107,Alpha
877,Alpha
471,Alpha
10177,Eta
10888,Eta
4277,Epsilon
10019,Lambda
303,Alpha
3768,Epsilon
7519,Omicron
9168,Zeta
10709,Lambda
8889,Omicron
3698,Epsilon
5449,Gamma
4347,Epsilon
2639,Delta
795,Alpha
8330,Omicron
11306,Beta
10531,Zeta
4710,Gamma
8757,Omicron
11069,Beta
5783,Gamma
7456,Iota
2396,Delta
2236,Delta
1204,Alpha
1659,Delta
1405,Alpha
8938,Omicron
9770,Eta
9615,Zeta
8553,Omicron
1593,Delta
9363,Eta
5803,Gamma
1549,Delta
1828,Delta
3757,Epsilon
10321,Eta
7652,Omicron
8143,Omicron
2275,Delta
718,Alpha
4794,Gamma
446,Alpha
10050,Kappa
7879,Omicron
9518,Lambda
10260,Eta
2041,Delta
7274,Iota
3461,Epsilon
10972,Beta
8315,Omicron
2359,Delta
10542,Beta
7895,Omicron
3645,Epsilon
1605,Delta
1736,Delta
1678,Delta
5724,Gamma
9296,Zeta
331,Alpha
7056,Iota
368,Alpha
1066,Alpha
10093,Eta
6115,Iota
4554,Gamma
4550,Gamma
5075,Gamma
4333,Epsilon
2116,Delta
8040,Omicron
4373,Epsilon
10082,Kappa
8600,Omicron
682,Alpha
5351,Gamma
7782,Omicron
9016,Zeta
11067,Beta
9134,Zeta
6182,Iota
7245,Iota
11133,Eta
7080,Iota
8363,Omicron
8664,Omicron
10631,Lambda
34,Alpha
6300,Iota
11224,Lambda
2687,Delta
5527,Gamma
10765,Eta
6714,Iota
9374,Eta
4230,Epsilon
8566,Omicron
10230,Mu
4528,Gamma
10289,Lambda
764,Alpha
5564,Gamma
7336,Iota
7922,Omicron
9142,Zeta
6066,Iota
8815,Omicron
1177,Alpha
406,Alpha
4946,Gamma
9893,Kappa
5614,Gamma
2663,Delta
10058,Beta
5769,Gamma
880,Alpha
8069,Omicron
10458,Kappa
9455,Eta
10749,Zeta
203,Alpha
6889,Iota
11040,Zeta
4017,Epsilon
9578,Beta
5221,Gamma
10285,Lambda
5262,Gamma
3407,Epsilon
3257,Epsilon
545,Alpha
2506,Delta
1726,Delta
1675,Delta
4966,Gamma
10404,Lambda
9670,Eta
2241,Delta
7177,Iota
4585,Gamma
7028,Iota
9295,Eta
10276,Eta
4036,Epsilon
10592,Mu
8520,Omicron
10064,Kappa
7734,Omicron
3244,Epsilon
1438,Alpha
7113,Iota
768,Alpha
1349,Alpha
398,Alpha
8773,Omicron
2551,Delta
4730,Gamma
1361,Alpha
8175,Omicron
10102,Eta
5907,Gamma
5977,Gamma
7817,Omicron
2550,Delta
1521,Delta
3474,Epsilon
3441,Epsilon
6912,Iota
7134,Iota
2077,Delta
8589,Omicron
6927,Iota
7337,Iota
7311,Iota
5887,Gamma
5872,Gamma
10120,Kappa
9136,Zeta
4791,Gamma
7333,Iota
11,Alpha
5964,Gamma
10898,Eta
4325,Epsilon
7308,Iota
1711,Delta
2569,Delta
2598,Delta
6258,Iota
5497,Gamma
3630,Epsilon
8473,Omicron
6268,Iota
10182,Eta
9829,Eta
5108,Gamma
7070,Iota
9606,Eta
2069,Delta
10599,Beta
8364,Omicron
9008,Zeta
8489,Omicron
2478,Delta
11173,Beta
9564,Kappa
7969,Omicron
4582,Gamma
2794,Delta
635,Alpha
4785,Gamma
292,Alpha
7917,Omicron
9949,Beta
4709,Gamma
8984,Omicron
6402,Iota
5971,Gamma
5684,Gamma
4429,Epsilon
8902,Omicron
8577,Omicron
10957,Theta
6493,Iota
5273,Gamma
11034,Beta
8655,Omicron
9268,Kappa
8750,Omicron
8782,Omicron
10922,Eta
3567,Epsilon
2801,Delta
5658,Gamma
149,Alpha
8302,Omicron
10062,Eta
6771,Iota
3044,Epsilon
4905,Gamma
5402,Gamma
6165,Iota
7566,Omicron
35,Alpha
9182,Zeta
10121,Mu
5390,Gamma
301,Alpha
6030,Iota
4652,Gamma
2449,Delta
11010,Beta
9031,Beta
1240,Alpha
6429,Iota
1880,Delta
5024,Gamma
10601,Lambda
9015,Zeta
7501,Omicron
6190,Iota
11047,Zeta
10183,Mu
3140,Epsilon
9086,Zeta
10328,Beta
81,Alpha
2364,Delta
8729,Omicron
11122,Beta
6782,Iota
597,Alpha
3215,Epsilon
449,Alpha
6201,Iota
1639,Delta
4139,Epsilon
574,Alpha
4268,Epsilon
10766,Eta
8886,Omicron
5850,Gamma
212,Alpha
9401,Eta
6807,Iota
2830,Delta
8246,Omicron
210,Alpha
4824,Gamma
5837,Gamma
10172,Lambda
9005,Zeta
2846,Delta
5485,Gamma
122,Alpha
5280,Gamma
2556,Delta
3536,Epsilon
9262,Zeta
8350,Omicron
5789,Gamma
8731,Omicron
6813,Iota
7759,Omicron
5676,Gamma
6421,Iota
4327,Epsilon
6642,Iota
3104,Epsilon
10364,Lambda
11233,Beta
9478,Lambda
5820,Gamma
1651,Delta
11048,Kappa
1978,Delta
3632,Epsilon
9256,Zeta
483,Alpha
6327,Iota
6101,Iota
850,Alpha
8943,Omicron
2842,Delta
8653,Omicron
6775,Iota
7321,Iota
3614,Epsilon
11284,Beta
2753,Delta
8774,Omicron
1570,Delta
3128,Epsilon
9835,Eta
10938,Beta
857,Alpha
2187,Delta
3376,Epsilon
5966,Gamma
6376,Iota
2086,Delta
4315,Epsilon
10096,Kappa
9693,Eta
6385,Iota
713,Alpha
10992,Beta
2155,Delta
8813,Omicron
9778,Beta
9831,Zeta
10704,Zeta
7474,Iota
666,Alpha
5569,Gamma
6104,Iota
2070,Delta
7553,Omicron
8981,Omicron
5405,Gamma
5110,Gamma
10122,Lambda
2812,Delta
2263,Delta
2389,Delta
6472,Iota
2406,Delta
6470,Iota
4101,Epsilon
10435,Beta
5202,Gamma
1059,Alpha
4979,Gamma
4057,Epsilon
4604,Gamma
10319,Lambda
7929,Omicron
5774,Gamma
27,Alpha
6272,Iota
10907,Eta
11299,Beta
7764,Omicron
5322,Gamma
10791,Eta
5249,Gamma
4249,Epsilon
7203,Iota
8699,Omicron
11219,Beta
2371,Delta
202,Alpha
10291,Lambda
2039,Delta
620,Alpha
9889,Lambda
4242,Epsilon
3275,Epsilon
11059,Beta
3664,Epsilon
10842,Zeta
427,Alpha
5380,Gamma
6249,Iota
4310,Epsilon
2192,Delta
10779,Eta
492,Alpha
1442,Alpha
3749,Epsilon
9900,Kappa
144,Alpha
2090,Delta
7833,Omicron
10609,Lambda
5088,Gamma
2305,Delta
938,Alpha
8163,Omicron
8455,Omicron
6289,Iota
8411,Omicron
10372,Lambda
7906,Omicron
10430,Lambda
5370,Gamma
5038,Gamma
7138,Iota
132,Alpha
6729,Iota
3490,Epsilon
8665,Omicron
834,Alpha
3475,Epsilon
5848,Gamma
4210,Epsilon
3931,Epsilon
1577,Delta
798,Alpha
2877,Delta
5795,Gamma
9131,Zeta
9742,Eta
1490,Alpha
7522,Omicron
2256,Delta
10660,Eta
5592,Gamma
10566,Zeta
9010,Zeta
7980,Omicron
6240,Iota
10725,Zeta
8646,Omicron
8727,Omicron
9643,Beta
5225,Gamma
6484,Iota
8924,Omicron
7437,Iota
4458,Epsilon
3792,Epsilon
6640,Iota
7692,Omicron
3277,Epsilon
10454,Lambda
648,Alpha
10110,Kappa
11242,Zeta
779,Alpha
4313,Epsilon
4548,Gamma
11225,Zeta
9491,Beta
1822,Delta
7612,Omicron
2527,Delta
1591,Delta
6627,Iota
783,Alpha
2190,Delta
2969,Delta
10083,Lambda
6926,Iota
957,Alpha
3026,Epsilon
8061,Omicron
7385,Iota
8148,Omicron
2063,Delta
5528,Gamma
4656,Gamma
4976,Gamma
10969,Lambda
4638,Gamma
3751,Epsilon
2535,Delta
7985,Omicron
3659,Epsilon
3491,Epsilon
942,Alpha
6658,Iota
3753,Epsilon
9716,Eta
2022,Delta
4837,Gamma
11159,Eta
1093,Alpha
7546,Omicron
10017,Kappa
10684,Lambda
8103,Omicron
9572,Eta
6513,Iota
7241,Iota
5671,Gamma
5326,Gamma
2262,Delta
4182,Epsilon
11272,Beta
7843,Omicron
2247,Delta
3793,Epsilon
6298,Iota
2682,Delta
9580,Beta
2943,Delta
4864,Gamma
2273,Delta
6114,Iota
288,Alpha
1465,Alpha
8470,Omicron
6206,Iota
9786,Lambda
7316,Iota
4948,Gamma
6060,Iota
2420,Delta
8180,Omicron
11319,Eta
3839,Epsilon
5420,Gamma
737,Alpha
4969,Gamma
6888,Iota
7339,Iota
8961,Omicron
9490,Beta
1544,Delta
7088,Iota
9191,Beta
379,Alpha
5667,Gamma
5234,Gamma
3355,Epsilon
1792,Delta
10675,Lambda
9227,Zeta
9019,Zeta
7325,Iota
10948,Beta
1195,Alpha
10624,Eta
4169,Epsilon
6542,Iota
6468,Iota
9523,Eta
1314,Alpha
7504,Omicron
8023,Omicron
6107,Iota
10410,Lambda
9433,Eta
10813,Eta
10072,Kappa
10532,Lambda
8704,Omicron
9593,Beta
1956,Delta
8019,Omicron
8453,Omicron
541,Alpha
5330,Gamma
8835,Omicron
11081,Beta
2742,Delta
3820,Epsilon
9228,Zeta
10858,Zeta
4378,Epsilon
9935,Eta
10503,Lambda
438,Alpha
7539,Omicron
129,Alpha
7331,Iota
2522,Delta
10604,Eta
5650,Gamma
2038,Delta
602,Alpha
8431,Omicron
5581,Gamma
9044,Beta
8435,Omicron
2866,Delta
3199,Epsilon
230,Alpha
15,Alpha
5029,Gamma
4580,Gamma
11301,Beta
7728,Omicron
6679,Iota
417,Alpha
6955,Iota
4650,Gamma
4421,Epsilon
10706,Eta
9167,Zeta
18,Alpha
5468,Gamma
7908,Omicron
4338,Epsilon
1896,Delta
3511,Epsilon
4199,Epsilon
4142,Epsilon
2512,Delta
1944,Delta
10145,Eta
4422,Epsilon
4895,Gamma
3085,Epsilon
4191,Epsilon
6276,Iota
3631,Epsilon
7794,Omicron
351,Alpha
6844,Iota
10153,Lambda
10815,Eta
8093,Omicron
10705,Zeta
8193,Omicron
959,Alpha
10816,Eta
8214,Omicron
3168,Epsilon
9866,Lambda
3510,Epsilon
9486,Zeta
6288,Iota
7639,Omicron
10691,Zeta
3483,Epsilon
3702,Epsilon
9233,Zeta
5010,Gamma
2230,Delta
3764,Epsilon
10914,Eta
10697,Eta
7263,Iota
1536,Delta
171,Alpha
3146,Epsilon
7935,Omicron
9265,Lambda
4089,Epsilon
2718,Delta
10378,Lambda
3688,Epsilon
9938,Eta
4545,Gamma
3447,Epsilon
3169,Epsilon
4971,Gamma
5456,Gamma
4385,Epsilon
325,Alpha
3000,Epsilon
10103,Lambda
148,Alpha
9105,Eta
4525,Gamma
1524,Delta
7161,Iota
7761,Omicron
10078,Lambda
1471,Alpha
8668,Omicron
7024,Iota
2524,Delta
10648,Beta
4226,Epsilon
6563,Iota
10255,Lambda
5119,Gamma
1885,Delta
10033,Beta
3844,Epsilon
8599,Omicron
4667,Gamma
10871,Eta
10741,Eta
8703,Omicron
3049,Epsilon
2119,Delta
2889,Delta
5855,Gamma
1410,Alpha
2748,Delta
2242,Delta
5401,Gamma
7307,Iota
1038,Alpha
8244,Omicron
179,Alpha
11155,Beta
7303,Iota
9867,Mu
8478,Omicron
8105,Omicron
2165,Delta
9473,Zeta
993,Alpha
709,Alpha
291,Alpha
7588,Omicron
10147,Beta
10659,Eta
6918,Iota
4937,Gamma
4009,Epsilon
3577,Epsilon
8998,Omicron
280,Alpha
549,Alpha
5755,Gamma
8011,Omicron
107,Alpha
9711,Lambda
9661,Eta
885,Alpha
7619,Omicron
716,Alpha
375,Alpha
2572,Delta
10101,Kappa
2940,Delta
5927,Gamma
1433,Alpha
252,Alpha
8352,Omicron
7,Alpha
5208,Gamma
9427,Kappa
5161,Gamma
7580,Omicron
5412,Gamma
6981,Iota
9006,Zeta
4621,Gamma
2426,Delta
6000,Iota
7622,Omicron
9300,Eta
1237,Alpha
397,Alpha
2695,Delta
928,Alpha
3787,Epsilon
923,Alpha
6441,Iota
1393,Alpha
5670,Gamma
10060,Beta
7463,Iota
7533,Omicron
5190,Gamma
5726,Gamma
1842,Delta
2857,Delta
10463,Beta
2176,Delta
2686,Delta
936,Alpha
6592,Iota
7270,Iota
1765,Delta
3806,Epsilon
5542,Gamma
9957,Lambda
4000,Epsilon
10645,Eta
7983,Omicron
2185,Delta
4386,Epsilon
6738,Iota
10252,Beta
773,Alpha
1865,Delta
526,Alpha
6450,Iota
10427,Beta
1492,Alpha
10382,Lambda
4316,Epsilon
4950,Gamma
473,Alpha
5690,Gamma
5505,Gamma
9354,Eta
4146,Epsilon
10833,Eta
2891,Delta
125,Alpha
10721,Lambda
4468,Epsilon
7999,Omicron
9907,Eta
6691,Iota
6891,Iota
6226,Iota
6676,Iota
7577,Omicron
6857,Iota
2855,Delta
5648,Gamma
4420,Epsilon
9859,Eta
6273,Iota
4919,Gamma
5297,Gamma
7096,Iota
9350,Zeta
447,Alpha
7010,Iota
6528,Iota
8591,Omicron
5344,Gamma
5786,Gamma
6578,Iota
11061,Beta
8725,Omicron
1174,Alpha
11137,Eta
7029,Iota
9412,Beta
582,Alpha
4684,Gamma
9854,Eta
2122,Delta
3283,Epsilon
5371,Gamma
8532,Omicron
9995,Eta
374,Alpha
16,Alpha
307,Alpha
9175,Zeta
11050,Zeta
1694,Delta
6750,Iota
2492,Delta
2825,Delta
9749,Eta
10636,Eta
5068,Gamma
9561,Zeta
3327,Epsilon
9542,Eta
2584,Delta
3529,Epsilon
836,Alpha
6974,Iota
7498,Iota
79,Alpha
4768,Gamma
10617,Lambda
10982,Eta
8348,Omicron
9064,Zeta
7541,Omicron
7573,Omicron
8543,Omicron
1740,Delta
9804,Eta
7273,Iota
9355,Beta
3887,Epsilon
429,Alpha
8286,Omicron
9796,Lambda
9053,Zeta
1937,Delta
5421,Gamma
1669,Delta
10016,Beta
6029,Iota
4170,Epsilon
1657,Delta
4614,Gamma
10790,Eta
315,Alpha
9154,Zeta
1391,Alpha
5357,Gamma
6220,Iota
9377,Eta
5242,Gamma
2458,Delta
5976,Gamma
2457,Delta
6489,Iota
7328,Iota
7795,Omicron
3324,Epsilon
3217,Epsilon
10374,Lambda
3115,Epsilon
10835,Eta
3714,Epsilon
8733,Omicron
10339,Lambda
4439,Epsilon
1615,Delta
461,Alpha
815,Alpha
10451,Beta
3682,Epsilon
8259,Omicron
5879,Gamma
2714,Delta
1717,Delta
9505,Lambda
7471,Iota
6862,Iota
7682,Omicron
2984,Delta
3021,Epsilon
2277,Delta
3228,Epsilon
5056,Gamma
3907,Epsilon
2384,Delta
7451,Iota
791,Alpha
5472,Gamma
9705,Beta
2251,Delta
5514,Gamma
3901,Epsilon
611,Alpha
3897,Epsilon
8710,Omicron
1308,Alpha
1269,Alpha
9408,Beta
9465,Eta
2515,Delta
10678,Eta
9279,Zeta
2000,Delta
1149,Alpha
6010,Iota
1685,Delta
5428,Gamma
2800,Delta
6573,Iota
7073,Iota
9209,Zeta
2607,Delta
10097,Zeta
6216,Iota
9158,Zeta
6242,Iota
2501,Delta
3190,Epsilon
3873,Epsilon
11167,Beta
9977,Lambda
8539,Omicron
5122,Gamma
1088,Alpha
265,Alpha
1725,Delta
7655,Omicron
6525,Iota
8027,Omicron
2894,Delta
4789,Gamma
11099,Beta
6808,Iota
8659,Omicron
9332,Lambda
2037,Delta
2353,Delta
2721,Delta
1089,Alpha
6999,Iota
10308,Lambda
3424,Epsilon
6452,Iota
4319,Epsilon
7955,Omicron
6546,Iota
3055,Epsilon
6257,Iota
9494,Lambda
6426,Iota
9832,Eta
10670,Beta
2132,Delta
6852,Iota
9391,Beta
1781,Delta
1632,Delta
1282,Alpha
2921,Delta
817,Alpha
5073,Gamma
7393,Iota
1238,Alpha
7804,Omicron
11134,Zeta
3443,Epsilon
9099,Zeta
9666,Lambda
189,Alpha
5469,Gamma
4887,Gamma
5682,Gamma
11036,Beta
9317,Lambda
3175,Epsilon
2280,Delta
8181,Omicron
3279,Epsilon
1626,Delta
584,Alpha
5347,Gamma
587,Alpha
5503,Gamma
2939,Delta
3859,Epsilon
1541,Delta
4158,Epsilon
10680,Zeta
10342,Lambda
1681,Delta
1323,Alpha
8438,Omicron
8215,Omicron
3513,Epsilon
6490,Iota
10995,Beta
4715,Gamma
5353,Gamma
4552,Gamma
5989,Gamma
3592,Epsilon
639,Alpha
4286,Epsilon
5761,Gamma
10316,Lambda
2079,Delta
7305,Iota
5731,Gamma
6063,Iota
3150,Epsilon
8580,Omicron
10517,Lambda
6103,Iota
740,Alpha
1281,Alpha
8945,Omicron
76,Alpha
10523,Beta
7827,Omicron
6159,Iota
7944,Omicron
4596,Gamma
6287,Iota
3304,Epsilon
2548,Delta
4403,Epsilon
2580,Delta
2594,Delta
11037,Beta
968,Alpha
1576,Delta
8861,Omicron
4082,Epsilon
5594,Gamma
9196,Eta
263,Alpha
11131,Beta
1676,Delta
7713,Omicron
4563,Gamma
183,Alpha
9367,Lambda
5429,Gamma
6465,Iota
2212,Delta
2366,Delta
10385,Eta
8409,Omicron
1932,Delta
10164,Kappa
2805,Delta
3871,Epsilon
2698,Delta
3575,Epsilon
1505,Delta
10841,Eta
1118,Alpha
9417,Beta
537,Alpha
11056,Beta
8218,Omicron
5204,Gamma
937,Alpha
3984,Epsilon
947,Alpha
11011,Beta
399,Alpha
5126,Gamma
8300,Omicron
10004,Lambda
8537,Omicron
5897,Gamma
1958,Delta
3414,Epsilon
2899,Delta
8722,Omicron
5582,Gamma
8445,Omicron
5310,Gamma
10633,Lambda
8510,Omicron
5087,Gamma
3186,Epsilon
6550,Iota
2267,Delta
3988,Epsilon
6365,Iota
3919,Epsilon
9673,Eta
3062,Epsilon
11318,Eta
2947,Delta
9836,Zeta
5942,Gamma
9544,Beta
9550,Beta
8854,Omicron
4187,Epsilon
6802,Iota
3734,Epsilon
3987,Epsilon
2362,Delta
8686,Omicron
9713,Eta
3862,Epsilon
10491,Beta
7421,Iota
6737,Iota
357,Alpha
8476,Omicron
8298,Omicron
8500,Omicron
509,Alpha
5058,Gamma
535,Alpha
7901,Omicron
1999,Delta
677,Alpha
3613,Epsilon
2978,Delta
2603,Delta
5574,Gamma
5762,Gamma
4484,Epsilon
6874,Iota
9782,Lambda
5935,Gamma
7341,Iota
66,Alpha
2462,Delta
5240,Gamma
8245,Omicron
6779,Iota
6292,Iota
2965,Delta
5313,Gamma
1372,Alpha
5759,Gamma
11239,Beta
6453,Iota
9014,Zeta
4005,Epsilon
4474,Epsilon
7372,Iota
2177,Delta
5631,Gamma
1780,Delta
11096,Zeta
6967,Iota
6876,Iota
5079,Gamma
6044,Iota
10759,Eta
9803,Eta
1228,Alpha
1855,Delta
6323,Iota
7006,Iota
445,Alpha
3002,Epsilon
11271,Beta
8304,Omicron
10432,Beta
11249,Beta
10032,Zeta
9920,Lambda
4425,Epsilon
6485,Iota
5738,Gamma
6299,Iota
7371,Iota
3730,Epsilon
1608,Delta
8342,Omicron
7008,Iota
546,Alpha
3173,Epsilon
9475,Zeta
3795,Epsilon
10514,Beta
10194,Beta
6975,Iota
868,Alpha
8001,Omicron
8982,Omicron
9790,Lambda
7915,Omicron
3995,Epsilon
1823,Delta
8236,Omicron
7365,Iota
4117,Epsilon
5084,Gamma
4634,Gamma
9366,Zeta
2415,Delta
5979,Gamma
2852,Delta
2679,Delta
3600,Epsilon
1621,Delta
8568,Omicron
9190,Zeta
1219,Alpha
5922,Gamma
4518,Gamma
7673,Omicron
8241,Omicron
9642,Kappa
253,Alpha
10986,Beta
3828,Epsilon
2221,Delta
913,Alpha
5349,Gamma
3747,Epsilon
272,Alpha
8839,Omicron
4091,Epsilon
5554,Gamma
4215,Epsilon
3846,Epsilon
9944,Beta
115,Alpha
926,Alpha
827,Alpha
9750,Zeta
3583,Epsilon
4176,Epsilon
2868,Delta
6291,Iota
9009,Kappa
8232,Omicron
4269,Epsilon
10351,Mu
90,Alpha
9210,Zeta
8977,Omicron
1483,Alpha
1598,Delta
211,Alpha
3037,Epsilon
3315,Epsilon
9553,Eta
2953,Delta
1300,Alpha
9584,Eta
8936,Omicron
3660,Epsilon
54,Alpha
7607,Omicron
3902,Epsilon
8825,Omicron
6274,Iota
11004,Beta
1560,Delta
8897,Omicron
11245,Lambda
647,Alpha
3067,Epsilon
8055,Omicron
7035,Iota
3526,Epsilon
7198,Iota
8634,Omicron
7173,Iota
1587,Delta
4661,Gamma
1945,Delta
10478,Lambda
9582,Lambda
6334,Iota
9291,Eta
1363,Alpha
2707,Delta
9369,Eta
5065,Gamma
10710,Eta
4105,Epsilon
10940,Beta
8916,Omicron
4707,Gamma
7123,Iota
5092,Gamma
922,Alpha
4681,Gamma
9474,Eta
7478,Iota
1633,Delta
10384,Mu
6156,Iota
6049,Iota
3171,Epsilon
4521,Gamma
9203,Eta
5431,Gamma
9077,Zeta
11241,Zeta
4193,Epsilon
9646,Eta
8178,Omicron
4276,Epsilon
1744,Delta
2036,Delta
3537,Epsilon
9037,Kappa
8296,Omicron
3715,Epsilon
350,Alpha
10653,Lambda
1407,Alpha
470,Alpha
8436,Omicron
1747,Delta
1351,Alpha
2980,Delta
3016,Epsilon
6840,Iota
11112,Beta
5846,Gamma
7757,Omicron
9894,Kappa
8020,Omicron
6841,Iota
3213,Epsilon
1253,Alpha
9833,Beta
5078,Gamma
4309,Epsilon
4918,Gamma
9560,Eta
9234,Zeta
5018,Gamma
8025,Omicron
4839,Gamma
10910,Eta
5223,Gamma
10668,Eta
1953,Delta
2694,Delta
5908,Gamma
5970,Gamma
11154,Lambda
7531,Omicron
8674,Omicron
2292,Delta
5381,Gamma
2747,Delta
1789,Delta
11172,Beta
10386,Kappa
6685,Iota
1949,Delta
2732,Delta
7585,Omicron
5659,Gamma
2164,Delta
4504,Gamma
524,Alpha
2322,Delta
2432,Delta
1267,Alpha
564,Alpha
4773,Gamma
2502,Delta
4295,Epsilon
6619,Iota
1260,Alpha
4355,Epsilon
3155,Epsilon
7792,Omicron
8829,Omicron
8529,Omicron
2566,Delta
4144,Epsilon
10968,Lambda
5366,Gamma
310,Alpha
4257,Epsilon
9810,Eta
5159,Gamma
6952,Iota
72,Alpha
7506,Omicron
7763,Omicron
7457,Iota
6773,Iota
1957,Delta
781,Alpha
10068,Kappa
340,Alpha
11230,Beta
3396,Epsilon
9834,Mu
931,Alpha
10943,Eta
4109,Epsilon
4674,Gamma
8295,Omicron
4809,Gamma
3509,Epsilon
1247,Alpha
2294,Delta
6623,Iota
4607,Gamma
10696,Lambda
3366,Epsilon
10207,Beta
1965,Delta
10140,Lambda
4346,Epsilon
9534,Beta
162,Alpha
4110,Epsilon
5548,Gamma
3851,Epsilon
1687,Delta
2023,Delta
7830,Omicron
4075,Epsilon
4770,Gamma
2701,Delta
5990,Gamma
10132,Lambda
2914,Delta
8189,Omicron
11150,Beta
6344,Iota
1951,Delta
4672,Gamma
5950,Gamma
3017,Epsilon
1491,Alpha
6982,Iota
2804,Delta
3599,Epsilon
9030,Kappa
10186,Beta
5189,Gamma
112,Alpha
8963,Omicron
10008,Lambda
11314,Beta
7646,Omicron
1481,Alpha
9768,Lambda
4531,Gamma
3220,Epsilon
6328,Iota
6518,Iota
7083,Iota
5880,Gamma
9993,Eta
2289,Delta
3161,Epsilon
10991,Zeta
629,Alpha
6825,Iota
1171,Alpha
11035,Zeta
5806,Gamma
5169,Gamma
7538,Omicron
6789,Iota
5492,Gamma
5002,Gamma
8614,Omicron
8314,Omicron
4031,Epsilon
5284,Gamma
5889,Gamma
8413,Omicron
8687,Omicron
8226,Omicron
1584,Delta
9881,Lambda
3504,Epsilon
8463,Omicron
5331,Gamma
2244,Delta
9769,Lambda
6911,Iota
904,Alpha
7222,Iota
2465,Delta
11313,Beta
10212,Lambda
7215,Iota
941,Alpha
4405,Epsilon
9502,Eta
5020,Gamma
10320,Lambda
4128,Epsilon
2916,Delta
9766,Lambda
7235,Iota
6904,Iota
1494,Alpha
10698,Zeta
6572,Iota
7467,Iota
5136,Gamma
8318,Omicron
8474,Omicron
10538,Lambda
11234,Beta
7548,Omicron
6613,Iota
9645,Kappa
9246,Zeta
9702,Lambda
4352,Epsilon
5860,Gamma
1085,Alpha
7760,Omicron
2068,Delta
2438,Delta
5575,Gamma
5571,Gamma
813,Alpha
6859,Iota
5077,Gamma
1618,Delta
277,Alpha
8443,Omicron
6537,Iota
4896,Gamma
1813,Delta
6031,Iota
3543,Epsilon
3188,Epsilon
7897,Omicron
3478,Epsilon
10800,Eta
6097,Iota
10908,Lambda
4137,Epsilon
10036,Beta
403,Alpha
8574,Omicron
8231,Omicron
2958,Delta
730,Alpha
6214,Iota
8471,Omicron
3502,Epsilon
4812,Gamma
5015,Gamma
5596,Gamma
3505,Epsilon
4123,Epsilon
10493,Lambda
343,Alpha
4461,Epsilon
1723,Delta
1167,Alpha
8766,Omicron
3804,Epsilon
4854,Gamma
6006,Iota
10563,Lambda
8349,Omicron
5407,Gamma
2975,Delta
3716,Epsilon
8657,Omicron
10744,Eta
4358,Epsilon
861,Alpha
9035,Zeta
3460,Epsilon
6241,Iota
8696,Omicron
9627,Eta
10635,Lambda
7440,Iota
9923,Beta
4172,Epsilon
1460,Alpha
9548,Eta
10687,Eta
1778,Delta
2665,Delta
7318,Iota
1417,Alpha
3731,Epsilon
10820,Eta
9448,Eta
9372,Eta
9446,Eta
4949,Gamma
6145,Iota
9616,Lambda
7525,Omicron
6772,Iota
2293,Delta
8462,Omicron
151,Alpha
6073,Iota
5008,Gamma
1261,Alpha
1396,Alpha
1245,Alpha
10717,Eta
9745,Kappa
1798,Delta
4618,Gamma
8660,Omicron
10950,Beta
3007,Epsilon
3924,Epsilon
7997,Omicron
9789,Eta
7453,Iota
103,Alpha
10066,Kappa
232,Alpha
4917,Gamma
10000,Lambda
7857,Omicron
5408,Gamma
4662,Gamma
5819,Gamma
6254,Iota
496,Alpha
2271,Delta
8344,Omicron
9521,Eta
4119,Epsilon
10486,Beta
6622,Iota
2035,Delta
3137,Epsilon
3635,Epsilon
4620,Gamma
6080,Iota
4049,Epsilon
8237,Omicron
1234,Alpha
3769,Epsilon
4296,Epsilon
10262,Mu
4323,Epsilon
2675,Delta
2997,Delta
414,Alpha
4044,Epsilon
1732,Delta
2146,Delta
6721,Iota
3906,Epsilon
3412,Epsilon
5665,Gamma
7381,Iota
6464,Iota
10389,Mu
6763,Iota
7951,Omicron
2798,Delta
4120,Epsilon
5400,Gamma
2783,Delta
10091,Eta
4366,Epsilon
4227,Epsilon
6965,Iota
6594,Iota
5458,Gamma
4083,Epsilon
3222,Epsilon
282,Alpha
7469,Iota
3317,Epsilon
2254,Delta
642,Alpha
690,Alpha
4174,Epsilon
425,Alpha
10075,Zeta
7486,Iota
5004,Gamma
2622,Delta
4549,Gamma
2595,Delta
8712,Omicron
3771,Epsilon
7545,Omicron
10630,Mu
3,Alpha
9173,Beta
201,Alpha
7615,Omicron
7332,Iota
8007,Omicron
11146,Beta
1782,Delta
8213,Omicron
3956,Epsilon
8701,Omicron
6512,Iota
2684,Delta
5032,Gamma
5184,Gamma
10462,Beta
5598,Gamma
5237,Gamma
8952,Omicron
2797,Delta
8841,Omicron
3884,Epsilon
9192,Zeta
9839,Lambda
6645,Iota
4018,Epsilon
11068,Beta
6504,Iota
6403,Iota
9171,Zeta
3944,Epsilon
5938,Gamma
2616,Delta
1557,Delta
8914,Omicron
8783,Omicron
10360,Kappa
9837,Eta
2508,Delta
2759,Delta
10257,Lambda
5788,Gamma
6294,Iota
7494,Iota
6923,Iota
390,Alpha
463,Alpha
10114,Lambda
2925,Delta
3361,Epsilon
9222,Zeta
5912,Gamma
3253,Epsilon
6659,Iota
3843,Epsilon
8590,Omicron
3139,Epsilon
7711,Omicron
6839,Iota
2052,Delta
2507,Delta
2562,Delta
10720,Beta
2378,Delta
3418,Epsilon
2140,Delta
1761,Delta
4248,Epsilon
2451,Delta
4600,Gamma
382,Alpha
4733,Gamma
7151,Iota
3927,Epsilon
8059,Omicron
1211,Alpha
8210,Omicron
7916,Omicron
11196,Kappa
6793,Iota
4222,Epsilon
646,Alpha
4374,Epsilon
3512,Epsilon
8758,Omicron
6830,Iota
1613,Delta
1459,Alpha
3708,Epsilon
11100,Beta
8656,Omicron
1553,Delta
7900,Omicron
5828,Gamma
10208,Lambda
5396,Gamma
10233,Beta
7399,Iota
7436,Iota
762,Alpha
2649,Delta
4754,Gamma
3105,Epsilon
1124,Alpha
9202,Zeta
9586,Eta
7698,Omicron
7738,Omicron
6601,Iota
7387,Iota
6651,Iota
11207,Lambda
4637,Gamma
9552,Beta
4751,Gamma
5802,Gamma
2782,Delta
2013,Delta
8933,Omicron
5271,Gamma
7868,Omicron
9395,Zeta
5001,Gamma
9680,Eta
10313,Lambda
5891,Gamma
5069,Gamma
8212,Omicron
11021,Beta
7945,Omicron
1052,Alpha
8281,Omicron
2993,Delta
7529,Omicron
8340,Omicron
2711,Delta
3208,Epsilon
9844,Beta
11276,Beta
4991,Gamma
3386,Epsilon
667,Alpha
10344,Beta
10915,Zeta
10581,Mu
9951,Eta
9149,Zeta
285,Alpha
8635,Omicron
567,Alpha
5560,Gamma
1810,Delta
1583,Delta
8734,Omicron
2835,Delta
10872,Eta
10544,Eta
7320,Iota
9931,Lambda
2600,Delta
4409,Epsilon
4988,Gamma
3732,Epsilon
9378,Eta
371,Alpha
7584,Omicron
8618,Omicron
9002,Zeta
10039,Beta
9322,Eta
10445,Lambda
10329,Lambda
8956,Omicron
1468,Alpha
8310,Omicron
8399,Omicron
2318,Delta
2820,Delta
9508,Zeta
6260,Iota
3152,Epsilon
9163,Zeta
2708,Delta
6530,Iota
6814,Iota
8868,Omicron
11283,Beta
9566,Eta
9088,Zeta
2906,Delta
10672,Eta
9447,Lambda
7317,Iota
9511,Beta
2298,Delta
11208,Beta
7127,Iota
3479,Epsilon
1007,Alpha
4330,Epsilon
1386,Alpha
4448,Epsilon
9652,Kappa
7199,Iota
3320,Epsilon
4493,Epsilon
3064,Epsilon
2014,Delta
3816,Epsilon
58,Alpha
298,Alpha
8800,Omicron
9811,Zeta
10248,Zeta
5183,Gamma
9594,Eta
3194,Epsilon
6075,Iota
2178,Delta
7401,Iota
11125,Kappa
3762,Epsilon
6208,Iota
7291,Iota
1565,Delta
9281,Beta
10113,Eta
6330,Iota
9762,Zeta
6914,Iota
6032,Iota
8999,Omicron
6633,Iota
8878,Omicron
4131,Epsilon
2408,Delta
4566,Gamma
4291,Epsilon
5790,Gamma
6127,Iota
5133,Gamma
7731,Omicron
3436,Epsilon
8846,Omicron
5737,Gamma
2173,Delta
4877,Gamma
11157,Beta
10190,Eta
4078,Epsilon
6084,Iota
6837,Iota
3866,Epsilon
7824,Omicron
9535,Lambda
5697,Gamma
2191,Delta
9504,Beta
1043,Alpha
7098,Iota
662,Alpha
4811,Gamma
8382,Omicron
8293,Omicron
1048,Alpha
6764,Iota
4589,Gamma
46,Alpha
7184,Iota
4776,Gamma
3397,Epsilon
7289,Iota
4533,Gamma
8907,Omicron
3619,Epsilon
4886,Gamma
2153,Delta
3638,Epsilon
1968,Delta
2189,Delta
6418,Iota
2433,Delta
3325,Epsilon
601,Alpha
7239,Iota
3721,Epsilon
7252,Iota
3905,Epsilon
7979,Omicron
2454,Delta
3196,Epsilon
3841,Epsilon
9440,Lambda
7978,Omicron
11051,Beta
5956,Gamma
3766,Epsilon
10781,Eta
2355,Delta
1193,Alpha
2476,Delta
10714,Zeta
3951,Epsilon
5434,Gamma
1922,Delta
8141,Omicron
1370,Alpha
4649,Gamma
4362,Epsilon
305,Alpha
6246,Iota
5301,Gamma
4410,Epsilon
9128,Zeta
8632,Omicron
10864,Zeta
7012,Iota
2365,Delta
8159,Omicron
10165,Lambda
4744,Gamma
6796,Iota
9741,Zeta
6842,Iota
9982,Kappa
5818,Gamma
2373,Delta
9119,Zeta
985,Alpha
1105,Alpha
7939,Omicron
8440,Omicron
1731,Delta
6001,Iota
5214,Gamma
6488,Iota
983,Alpha
7368,Iota
450,Alpha
592,Alpha
10570,Lambda
9388,Eta
2705,Delta
9919,Beta
2768,Delta
3138,Epsilon
10133,Lambda
7777,Omicron
4972,Gamma
3013,Epsilon
241,Alpha
296,Alpha
1537,Delta
7956,Omicron
5325,Gamma
1246,Alpha
1901,Delta
803,Alpha
7470,Iota
10655,Zeta
345,Alpha
7812,Omicron
302,Alpha
3817,Epsilon
5491,Gamma
5784,Gamma
10447,Lambda
7893,Omicron
11292,Beta
1830,Delta
2976,Delta
10528,Zeta
4062,Epsilon
11013,Lambda
2720,Delta
9785,Zeta
10279,Lambda
6471,Iota
7110,Iota
7811,Omicron
3180,Epsilon
6929,Iota
8942,Omicron
6846,Iota
7191,Iota
1243,Alpha
10667,Lambda
6102,Iota
4760,Gamma
3041,Epsilon
1292,Alpha
7813,Omicron
4397,Epsilon
1019,Alpha
1933,Delta
5695,Gamma
918,Alpha
1526,Delta
7477,Iota
10104,Lambda
5398,Gamma
1257,Alpha
11129,Zeta
8092,Omicron
462,Alpha
626,Alpha
9432,Eta
5717,Gamma
1357,Alpha
11054,Eta
621,Alpha
1806,Delta
2450,Delta
1466,Alpha
8542,Omicron
1964,Delta
3784,Epsilon
3717,Epsilon
1895,Delta
4729,Gamma
687,Alpha
2448,Delta
4893,Gamma
6707,Iota
8106,Omicron
4426,Epsilon
6568,Iota
5859,Gamma
7923,Omicron
4301,Epsilon
10694,Zeta
2017,Delta
7924,Omicron
3232,Epsilon
8900,Omicron
3681,Epsilon
9214,Zeta
7377,Iota
6321,Iota
8527,Omicron
2377,Delta
10419,Kappa
5424,Gamma
2760,Delta
2541,Delta
9267,Zeta
6457,Iota
3452,Epsilon
2630,Delta
9445,Eta
4124,Epsilon
3894,Epsilon
7397,Iota
2327,Delta
6799,Iota
3617,Epsilon
10215,Beta
10401,Theta
3133,Epsilon
758,Alpha
3499,Epsilon
1316,Alpha
7767,Omicron
10811,Eta
7166,Iota
2071,Delta
8892,Omicron
7074,Iota
2736,Delta
7578,Omicron
4051,Epsilon
7772,Omicron
1990,Delta
4021,Epsilon
6207,Iota
5521,Gamma
2131,Delta
3742,Epsilon
3177,Epsilon
6606,Iota
5106,Gamma
4042,Epsilon
2533,Delta
5248,Gamma
6938,Iota
6191,Iota
7458,Iota
9344,Eta
3282,Epsilon
141,Alpha
754,Alpha
3665,Epsilon
6392,Iota
9469,Kappa
8793,Omicron
3417,Epsilon
1648,Delta
3877,Epsilon
9737,Eta
3974,Epsilon
56,Alpha
2832,Delta
3057,Epsilon
7665,Omicron
3819,Epsilon
3280,Epsilon
8255,Omicron
5611,Gamma
4955,Gamma
8576,Omicron
3498,Epsilon
3072,Epsilon
5321,Gamma
2722,Delta
964,Alpha
9908,Beta
5348,Gamma
11279,Eta
4944,Gamma
5064,Gamma
5479,Gamma
6717,Iota
7967,Omicron
10877,Eta
9052,Zeta
2956,Delta
2724,Delta
8137,Omicron
4308,Epsilon
8278,Omicron
10254,Beta
3183,Epsilon
4801,Gamma
2136,Delta
5278,Gamma
11187,Zeta
4513,Gamma
8645,Omicron
4689,Gamma
9349,Eta
8838,Omicron
10594,Eta
10658,Eta
5580,Gamma
10807,Eta
10832,Eta
396,Alpha
10549,Eta
1775,Delta
9223,Zeta
5474,Gamma
6451,Iota
8317,Omicron
7867,Omicron
1298,Alpha
3210,Epsilon
2892,Delta
2792,Delta
6042,Iota
8140,Omicron
7796,Omicron
5241,Gamma
5688,Gamma
6438,Iota
6244,Iota
1535,Delta
5780,Gamma
9089,Zeta
8811,Omicron
4659,Gamma
2054,Delta
8043,Omicron
6175,Iota
9941,Beta
906,Alpha
4470,Epsilon
10175,Eta
383,Alpha
4476,Epsilon
7992,Omicron
442,Alpha
4056,Epsilon
5462,Gamma
4151,Epsilon
11043,Kappa
9660,Kappa
6266,Iota
9274,Beta
5125,Gamma
5346,Gamma
9252,Beta
7701,Omicron
9709,Eta
668,Alpha
7348,Iota
11183,Beta
4435,Epsilon
3667,Epsilon
8280,Omicron
6795,Iota
8154,Omicron
5320,Gamma
3994,Epsilon
3921,Epsilon
714,Alpha
64,Alpha
9130,Eta
2443,Delta
269,Alpha
2163,Delta
290,Alpha
7621,Omicron
2898,Delta
2933,Delta
10818,Eta
5715,Gamma
5257,Gamma
8939,Omicron
9916,Kappa
9097,Lambda
2854,Delta
7562,Omicron
8151,Omicron
2907,Delta
11320,Beta
8242,Omicron
10253,Lambda
10515,Zeta
2074,Delta
838,Alpha
10238,Beta
10199,Lambda
4605,Gamma
9257,Zeta
5708,Gamma
4048,Epsilon
1954,Delta
1279,Alpha
3560,Epsilon
9801,Eta
6663,Iota
5115,Gamma
9691,Eta
2597,Delta
6212,Iota
1033,Alpha
10574,Eta
4782,Gamma
2648,Delta
9649,Beta
6178,Iota
3276,Epsilon
5996,Gamma
2445,Delta
2351,Delta
901,Alpha
1129,Alpha
5212,Gamma
6023,Iota
7327,Iota
4703,Gamma
6712,Iota
7205,Iota
5296,Gamma
6375,Iota
1840,Delta
9608,Lambda
7479,Iota
1180,Alpha
120,Alpha
8450,Omicron
156,Alpha
2514,Delta
5453,Gamma
9029,Zeta
1441,Alpha
2786,Delta
1027,Alpha
4542,Gamma
9754,Zeta
9655,Zeta
6557,Iota
121,Alpha
1877,Delta
10999,Beta
3084,Epsilon
6769,Iota
5451,Gamma
4179,Epsilon
2380,Delta
9050,Zeta
6979,Iota
9083,Zeta
6538,Iota
2766,Delta
2620,Delta
1384,Alpha
10338,Kappa
4004,Epsilon
5905,Gamma
973,Alpha
700,Alpha
276,Alpha
7931,Omicron
2769,Delta
2312,Delta
7816,Omicron
9337,Beta
10052,Eta
1825,Delta
11127,Eta
9060,Eta
9434,Kappa
1403,Alpha
3289,Epsilon
11330,Beta
8636,Omicron
2049,Delta
9023,Zeta
5961,Gamma
1002,Alpha
8145,Omicron
1136,Alpha
408,Alpha
8564,Omicron
10713,Zeta
7466,Iota
1121,Alpha
3710,Epsilon
1992,Delta
7726,Omicron
634,Alpha
703,Alpha
10295,Lambda
6486,Iota
1162,Alpha
3685,Epsilon
10547,Zeta
1630,Delta
4415,Epsilon
8361,Omicron
3706,Epsilon
1173,Alpha
2955,Delta
6705,Iota
9239,Eta
8405,Omicron
7928,Omicron
3352,Epsilon
6611,Iota
21,Alpha
3307,Epsilon
346,Alpha
6629,Iota
8912,Omicron
8987,Omicron
2590,Delta
6138,Iota
7502,Omicron
812,Alpha
11285,Beta
8167,Omicron
3553,Epsilon
727,Alpha
7642,Omicron
5416,Gamma
981,Alpha
10370,Mu
6788,Iota
7611,Omicron
4851,Gamma
9250,Eta
3045,Epsilon
562,Alpha
5835,Gamma
8042,Omicron
9576,Beta
5251,Gamma
9520,Kappa
921,Alpha
9932,Eta
2207,Delta
5289,Gamma
766,Alpha
7255,Iota
10007,Kappa
5878,Gamma
5960,Gamma
10355,Mu
5539,Gamma
10080,Eta
8609,Omicron
9654,Zeta
8082,Omicron
2229,Delta
6210,Iota
2121,Delta
10306,Lambda
7246,Iota
4833,Gamma
723,Alpha
589,Alpha
10688,Eta
7269,Iota
2296,Delta
7659,Omicron
8772,Omicron
7575,Omicron
4765,Gamma
224,Alpha
4962,Gamma
10366,Lambda
3990,Epsilon
1816,Delta
9676,Lambda
8250,Omicron
3120,Epsilon
380,Alpha
5683,Gamma
10179,Beta
7631,Omicron
9524,Eta
1493,Alpha
4434,Epsilon
3193,Epsilon
3348,Epsilon
7100,Iota
4001,Epsilon
10022,Beta
6683,Iota
7549,Omicron
4753,Gamma
60,Alpha
4883,Gamma
9189,Beta
7223,Iota
6794,Iota
3132,Epsilon
512,Alpha
971,Alpha
833,Alpha
4555,Gamma
5558,Gamma
4647,Gamma
8571,Omicron
4354,Epsilon
8285,Omicron
6089,Iota
2109,Delta
2552,Delta
11231,Beta
1379,Alpha
4526,Gamma
4353,Epsilon
8797,Omicron
8030,Omicron
7509,Omicron
11039,Zeta
9545,Eta
5464,Gamma
4324,Epsilon
2231,Delta
10414,Lambda
5165,Gamma
8807,Omicron
7153,Iota
3029,Epsilon
3322,Epsilon
11023,Beta
7650,Omicron
10363,Kappa
6430,Iota
5467,Gamma
6356,Iota
3641,Epsilon
8507,Omicron
10520,Beta
4960,Gamma
10961,Kappa
8923,Omicron
10712,Zeta
4802,Gamma
1663,Delta
4039,Epsilon
10037,Beta
521,Alpha
10210,Eta
3088,Epsilon
3274,Epsilon
10189,Mu
4832,Gamma
8594,Omicron
2442,Delta
9748,Zeta
214,Alpha
7601,Omicron
10226,Kappa
4336,Epsilon
6319,Iota
7069,Iota
7754,Omicron
10009,Beta
4557,Gamma
7569,Omicron
9675,Zeta
4629,Gamma
6494,Iota
6378,Iota
10098,Lambda
10769,Eta
8130,Omicron
4683,Gamma
8601,Omicron
9781,Eta
10143,Eta
1845,Delta
10428,Beta
6245,Iota
9331,Eta
10201,Mu
5107,Gamma
2235,Delta
10249,Lambda
7243,Iota
5991,Gamma
5435,Gamma
1542,Delta
8876,Omicron
4054,Epsilon
8679,Omicron
1566,Delta
4418,Epsilon
10642,Kappa
8775,Omicron
6110,Iota
1854,Delta
8006,Omicron
5808,Gamma
9953,Beta
2250,Delta
6338,Iota
7715,Omicron
3413,Epsilon
5385,Gamma
6698,Iota
8190,Omicron
10239,Zeta
1444,Alpha
5714,Gamma
3690,Epsilon
685,Alpha
1359,Alpha
464,Alpha
3627,Epsilon
5955,Gamma
8966,Omicron
903,Alpha
8792,Omicron
6824,Iota
8138,Omicron
226,Alpha
11124,Eta
4335,Epsilon
1016,Alpha
11052,Zeta
7256,Iota
3486,Epsilon
7557,Omicron
10730,Zeta
8808,Omicron
2369,Delta
7233,Iota
5801,Gamma
3881,Epsilon
7183,Iota
11093,Zeta
3983,Epsilon
8613,Omicron
7964,Omicron
6297,Iota
4201,Epsilon
840,Alpha
4876,Gamma
10828,Eta
7338,Iota
5605,Gamma
6014,Iota
1037,Alpha
2890,Delta
9443,Eta
8848,Omicron
3476,Epsilon
164,Alpha
3053,Epsilon
528,Alpha
5121,Gamma
4508,Gamma
3118,Epsilon
949,Alpha
849,Alpha
6641,Iota
8809,Omicron
10780,Eta
154,Alpha
4569,Gamma
3998,Epsilon
5995,Gamma
2330,Delta
8820,Omicron
6949,Iota
10795,Eta
503,Alpha
6762,Iota
2413,Delta
2879,Delta
1127,Alpha
1030,Alpha
1044,Alpha
9989,Kappa
3596,Epsilon
3603,Epsilon
105,Alpha
287,Alpha
8488,Omicron
9415,Lambda
2411,Delta
5414,Gamma
1477,Alpha
3065,Epsilon
6046,Iota
6985,Iota
2848,Delta
441,Alpha
11145,Beta
6778,Iota
7441,Iota
1104,Alpha
1864,Delta
7503,Omicron
5523,Gamma
4218,Epsilon
365,Alpha
8374,Omicron
1070,Alpha
10377,Mu
1769,Delta
1382,Alpha
1859,Delta
11020,Beta
7661,Omicron
4901,Gamma
2858,Delta
4066,Epsilon
2092,Delta
7828,Omicron
10267,Kappa
10627,Zeta
8483,Omicron
6158,Iota
2928,Delta
9232,Zeta
484,Alpha
9658,Eta
2586,Delta
5006,Gamma
4166,Epsilon
2224,Delta
5486,Gamma
8276,Omicron
7026,Iota
1643,Delta
761,Alpha
7770,Omicron
2739,Delta
3554,Epsilon
3899,Epsilon
7960,Omicron
8608,Omicron
6936,Iota
4145,Epsilon
7300,Iota
3834,Epsilon
11098,Beta
10469,Eta
10131,Beta
7542,Omicron
10042,Beta
2257,Delta
9028,Zeta
5800,Gamma
9357,Eta
4376,Epsilon
6783,Iota
4834,Gamma
3798,Epsilon
5389,Gamma
8275,Omicron
4402,Epsilon
9780,Beta
209,Alpha
416,Alpha
6415,Iota
9308,Eta
2159,Delta
4412,Epsilon
9218,Zeta
1779,Delta
2303,Delta
2752,Delta
5572,Gamma
7170,Iota
4416,Epsilon
1395,Alpha
711,Alpha
5141,Gamma
3108,Epsilon
1988,Delta
6947,Iota
10962,Lambda
6021,Iota
5072,Gamma
854,Alpha
684,Alpha
2414,Delta
6723,Iota
8818,Omicron
6968,Iota
8272,Omicron
6447,Iota
7680,Omicron
11121,Eta
9611,Beta
4,Alpha
1303,Alpha
6575,Iota
2480,Delta
1912,Delta
2702,Delta
7820,Omicron
8029,Omicron
11322,Beta
951,Alpha
10903,Eta
10971,Beta
11170,Beta
9187,Zeta
4073,Epsilon
4350,Epsilon
1578,Delta
9018,Beta
4132,Epsilon
9877,Lambda
2243,Delta
4959,Gamma
9211,Eta
643,Alpha
2072,Delta
7448,Iota
1000,Alpha
3558,Epsilon
8937,Omicron
5081,Gamma
7780,Omicron
6945,Iota
4229,Epsilon
8466,Omicron
10505,Eta
9032,Zeta
5987,Gamma
3827,Epsilon
3625,Epsilon
6565,Iota
6105,Iota
11178,Beta
9085,Eta
7702,Omicron
4214,Epsilon
422,Alpha
750,Alpha
146,Alpha
6903,Iota
9248,Zeta
11001,Beta
10198,Kappa
8201,Omicron
8430,Omicron
7513,Omicron
10596,Lambda
9684,Kappa
9056,Zeta
9254,Eta
10116,Kappa
7496,Iota
3580,Epsilon
2944,Delta
7232,Iota
9913,Kappa
4348,Epsilon
5703,Gamma
1416,Alpha
4093,Epsilon
138,Alpha
9476,Eta
10089,Beta
11086,Beta
7288,Iota
1563,Delta
4700,Gamma
7962,Omicron
11058,Zeta
4239,Epsilon
10352,Lambda
8114,Omicron
7158,Iota
5198,Gamma
4272,Epsilon
4704,Gamma
9851,Lambda
8677,Omicron
9231,Zeta
5495,Gamma
4894,Gamma
3092,Epsilon
13,Alpha
650,Alpha
7617,Omicron
5994,Gamma
891,Alpha
6527,Iota
10250,Eta
4130,Epsilon
7201,Iota
4989,Gamma
9692,Eta
3344,Epsilon
1095,Alpha
9376,Beta
8844,Omicron
4188,Epsilon
3514,Epsilon
448,Alpha
1138,Alpha
2546,Delta
2084,Delta
8652,Omicron
10380,Mu
225,Alpha
7563,Omicron
6956,Iota
10361,Theta
9824,Beta
5375,Gamma
2561,Delta
9148,Zeta
3946,Epsilon
8098,Omicron
3880,Epsilon
10161,Mu
552,Alpha
4156,Epsilon
2455,Delta
5753,Gamma
3593,Epsilon
9955,Eta
3914,Epsilon
6311,Iota
7571,Omicron
4590,Gamma
3598,Epsilon
2757,Delta
11205,Beta
11273,Beta
6870,Iota
2104,Delta
8373,Omicron
7226,Iota
5384,Gamma
3794,Epsilon
3192,Epsilon
3814,Epsilon
5050,Gamma
688,Alpha
8920,Omicron
9226,Zeta
6680,Iota
10817,Eta
4321,Epsilon
10768,Eta
9798,Zeta
8394,Omicron
734,Alpha
969,Alpha
6072,Iota
9755,Zeta
3184,Epsilon
2593,Delta
594,Alpha
5427,Gamma
217,Alpha
6129,Iota
732,Alpha
2419,Delta
1126,Alpha
4482,Epsilon
10418,Zeta
10282,Kappa
10105,Theta
9784,Beta
3760,Epsilon
3763,Epsilon
4939,Gamma
6997,Iota
7957,Omicron
3796,Epsilon
10796,Eta
3380,Epsilon
7309,Iota
10652,Lambda
2874,Delta
8534,Omicron
11181,Beta
7710,Omicron
10014,Eta
5076,Gamma
7930,Omicron
2908,Delta
1480,Alpha
8965,Omicron
4479,Epsilon
8127,Omicron
6798,Iota
3392,Epsilon
3939,Epsilon
7834,Omicron
9216,Zeta
8595,Omicron
10683,Eta
4185,Epsilon
5364,Gamma
972,Alpha
6883,Iota
3098,Epsilon
4457,Epsilon
1278,Alpha
3640,Epsilon
2563,Delta
7966,Omicron
1837,Delta
9122,Zeta
10453,Eta
1686,Delta
4616,Gamma
8497,Omicron
4471,Epsilon
8626,Omicron
4875,Gamma
6087,Iota
3770,Epsilon
3308,Epsilon
10895,Eta
10918,Eta
7009,Iota
2517,Delta
598,Alpha
5701,Gamma
8041,Omicron
10913,Eta
1924,Delta
502,Alpha
4161,Epsilon
10010,Beta
3032,Epsilon
5294,Gamma
2304,Delta
9710,Beta
1967,Delta
811,Alpha
3854,Epsilon
6855,Iota
9571,Eta
8354,Omicron
3773,Epsilon
7207,Iota
3774,Epsilon
7839,Omicron
2470,Delta
8048,Omicron
4414,Epsilon
1745,Delta
198,Alpha
9607,Eta
1751,Delta
5170,Gamma
3147,Epsilon
10076,Lambda
8139,Omicron
1139,Alpha
4779,Gamma
890,Alpha
822,Alpha
10803,Eta
8377,Omicron
4831,Gamma
5920,Gamma
9880,Lambda
9925,Kappa
8728,Omicron
10565,Lambda
5988,Gamma
3378,Epsilon
1758,Delta
7679,Omicron
1980,Delta
7654,Omicron
6436,Iota
9113,Zeta
2204,Delta
215,Alpha
1192,Alpha
10798,Eta
5549,Gamma
5484,Gamma
8203,Omicron
575,Alpha
4636,Gamma
11094,Eta
293,Alpha
28,Alpha
3201,Epsilon
235,Alpha
6364,Iota
1665,Delta
7302,Iota
1948,Delta
1311,Alpha
7196,Iota
47,Alpha
10716,Zeta
1291,Alpha
4793,Gamma
11263,Lambda
7560,Omicron
652,Alpha
5856,Gamma
9132,Zeta
134,Alpha
10539,Beta
7217,Iota
5620,Gamma
5332,Gamma
284,Alpha
3916,Epsilon
7689,Omicron
9244,Zeta
1377,Alpha
1270,Alpha
9397,Lambda
5417,Gamma
8355,Omicron
2840,Delta
9177,Zeta
4157,Epsilon
9424,Eta
4653,Gamma
9687,Zeta
10868,Eta
11062,Beta
8572,Omicron
4516,Gamma
69,Alpha
9515,Kappa
8875,Omicron
2918,Delta
607,Alpha
10333,Lambda
11202,Beta
11308,Beta
2817,Delta
1374,Alpha
7576,Omicron
172,Alpha
37,Alpha
2123,Delta
3697,Epsilon
3236,Epsilon
6893,Iota
1876,Delta
8457,Omicron
8671,Omicron
686,Alpha
9492,Eta
7976,Omicron
672,Alpha
7419,Iota
10468,Lambda
6283,Iota
9595,Eta
4784,Gamma
6135,Iota
9013,Beta
4459,Epsilon
6728,Iota
7299,Iota
2404,Delta
7864,Omicron
9512,Beta
7685,Omicron
2575,Delta
4980,Gamma
2631,Delta
8156,Omicron
4288,Epsilon
5182,Gamma
8523,Omicron
106,Alpha
9007,Zeta
59,Alpha
678,Alpha
9201,Zeta
8726,Omicron
5946,Gamma
4576,Gamma
419,Alpha
715,Alpha
5178,Gamma
341,Alpha
1819,Delta
7396,Iota
5220,Gamma
7990,Omicron
7306,Iota
3117,Epsilon
36,Alpha
2875,Delta
11000,Beta
3492,Epsilon
7047,Iota
3703,Epsilon
8223,Omicron
6221,Iota
8519,Omicron
8260,Omicron
4927,Gamma
1971,Delta
8277,Omicron
6582,Iota
7551,Omicron
3299,Epsilon
5839,Gamma
8648,Omicron
10434,Lambda
8505,Omicron
7142,Iota
8003,Omicron
2437,Delta
7517,Omicron
3789,Epsilon
6856,Iota
6270,Iota
1893,Delta
7324,Iota
5,Alpha
1313,Alpha
3837,Epsilon
8785,Omicron
7805,Omicron
3775,Epsilon
5954,Gamma
5821,Gamma
9809,Lambda
480,Alpha
8481,Omicron
7422,Iota
1564,Delta
444,Alpha
3745,Epsilon
565,Alpha
8941,Omicron
10810,Eta
4808,Gamma
5452,Gamma
11251,Beta
11161,Beta
7312,Iota
4456,Epsilon
5857,Gamma
7013,Iota
11160,Beta
3964,Epsilon
7034,Iota
8780,Omicron
6123,Iota
9637,Eta
5153,Gamma
1532,Delta
5741,Gamma
10193,Mu
10787,Eta
4341,Epsilon
3888,Epsilon
2020,Delta
4152,Epsilon
536,Alpha
670,Alpha
6018,Iota
2841,Delta
5608,Gamma
6192,Iota
9536,Beta
2962,Delta
2091,Delta
8858,Omicron
8150,Omicron
8716,Omicron
4902,Gamma
7272,Iota
7254,Iota
1647,Delta
3671,Epsilon
10548,Beta
1478,Alpha
1218,Alpha
6271,Iota
2767,Delta
5306,Gamma
2922,Delta
3945,Epsilon
8121,Omicron
9557,Eta
1184,Alpha
4068,Epsilon
3890,Epsilon
6166,Iota
5063,Gamma
5504,Gamma
4063,Epsilon
4014,Epsilon
3953,Epsilon
5254,Gamma
10044,Mu
10151,Beta
9480,Eta
4138,Epsilon
3649,Epsilon
7260,Iota
1015,Alpha
4530,Gamma
2259,Delta
244,Alpha
2278,Delta
11188,Beta
9633,Lambda
8211,Omicron
4407,Epsilon
7802,Omicron
2160,Delta
1847,Delta
1601,Delta
3388,Epsilon
3699,Epsilon
6446,Iota
9124,Zeta
2668,Delta
227,Alpha
5742,Gamma
6673,Iota
2828,Delta
4942,Gamma
4523,Gamma
10409,Eta
4446,Epsilon
4116,Epsilon
3744,Epsilon
7555,Omicron
3243,Epsilon
7236,Iota
7089,Iota
4807,Gamma
3750,Epsilon
334,Alpha
2095,Delta
5181,Gamma
7139,Iota
5944,Gamma
8423,Omicron
3350,Epsilon
4097,Epsilon
2592,Delta
11057,Zeta
3233,Epsilon
6296,Iota
6383,Iota
9280,Beta
1360,Alpha
11120,Beta
10490,Lambda
1172,Alpha
8024,Omicron
1562,Delta
8536,Omicron
294,Alpha
7433,Iota
3847,Epsilon
3999,Epsilon
11114,Lambda
9719,Lambda
9573,Beta
275,Alpha
3430,Epsilon
1802,Delta
9731,Eta
3281,Epsilon
3157,Epsilon
785,Alpha
2789,Delta
10232,Beta
6136,Iota
10743,Lambda
2623,Delta
26,Alpha
8512,Omicron
5210,Gamma
7627,Omicron
1183,Alpha
4752,Gamma
1887,Delta
388,Alpha
2260,Delta
8903,Omicron
5345,Gamma
6520,Iota
5992,Gamma
8074,Omicron
3932,Epsilon
2152,Delta
1409,Alpha
5641,Gamma
5595,Gamma
5630,Gamma
3500,Epsilon
3432,Epsilon
3740,Epsilon
722,Alpha
1656,Delta
3936,Epsilon
4577,Gamma
8122,Omicron
1947,Delta
366,Alpha
6139,Iota
3552,Epsilon
5874,Gamma
6637,Iota
10595,Kappa
4344,Epsilon
117,Alpha
4998,Gamma
2910,Delta
9519,Beta
7036,Iota
9987,Lambda
2130,Delta
8890,Omicron
3422,Epsilon
9000,Zeta
3296,Epsilon
4849,Gamma
4305,Epsilon
2391,Delta
3419,Epsilon
4664,Gamma
9454,Eta
2755,Delta
7508,Omicron
6199,Iota
2827,Delta
5916,Gamma
2629,Delta
260,Alpha
7480,Iota
9194,Zeta
6354,Iota
8056,Omicron
6506,Iota
3141,Epsilon
5870,Gamma
2332,Delta
4544,Gamma
9763,Eta
9496,Eta
4938,Gamma
7645,Omicron
10310,Theta
8918,Omicron
6939,Iota
1321,Alpha
10317,Lambda
4846,Gamma
5188,Gamma
5778,Gamma
6757,Iota
6146,Iota
4597,Gamma
2328,Delta
6186,Iota
10613,Zeta
3818,Epsilon
4878,Gamma
6253,Iota
1674,Delta
6946,Iota
3416,Epsilon
8258,Omicron
2681,Delta
8688,Omicron
3058,Epsilon
2901,Delta
39,Alpha
7818,Omicron
7180,Iota
9921,Beta
9617,Eta
3426,Epsilon
9406,Eta
2537,Delta
2703,Delta
3429,Epsilon
9421,Zeta
5094,Gamma
5612,Gamma
3674,Epsilon
11168,Beta
1814,Delta
11044,Zeta
4598,Gamma
10141,Beta
11009,Beta
8034,Omicron
9619,Beta
6581,Iota
11266,Eta
2988,Delta
6016,Iota
837,Alpha
9379,Beta
771,Alpha
490,Alpha
7295,Iota
3343,Epsilon
91,Alpha
2106,Delta
8934,Omicron
6118,Iota
5893,Gamma
8560,Omicron
478,Alpha
8789,Omicron
3114,Epsilon
7510,Omicron
1224,Alpha
4258,Epsilon
4027,Epsilon
898,Alpha
1166,Alpha
765,Alpha
7264,Iota
6574,Iota
7075,Iota
10065,Eta
6743,Iota
11091,Beta
3351,Epsilon
7292,Iota
10848,Eta
10894,Eta
3400,Epsilon
1051,Alpha
9546,Kappa
9628,Eta
2905,Delta
800,Alpha
3144,Epsilon
10412,Eta
10875,Eta
1319,Alpha
5324,Gamma
2931,Delta
7220,Iota
4153,Epsilon
10115,Kappa
11132,Eta
52,Alpha
5568,Gamma
10623,Lambda
1946,Delta
5851,Gamma
2331,Delta
5307,Gamma
5629,Gamma
9641,Lambda
5192,Gamma
10935,Eta
649,Alpha
8910,Omicron
7787,Omicron
4038,Epsilon
5849,Gamma
3848,Epsilon
7109,Iota
3958,Epsilon
4437,Epsilon
6803,Iota
2360,Delta
2493,Delta
9033,Beta
2209,Delta
7667,Omicron
6301,Iota
5845,Gamma
8779,Omicron
4929,Gamma
2005,Delta
8202,Omicron
7485,Iota
9774,Zeta
8031,Omicron
4553,Gamma
2534,Delta
9420,Zeta
2075,Delta
8873,Omicron
3124,Epsilon
7148,Iota
354,Alpha
7678,Omicron
3521,Epsilon
1539,Delta
7507,Omicron
4394,Epsilon
8115,Omicron
756,Alpha
6372,Iota
0,Alpha
327,Alpha
2050,Delta
7823,Omicron
10059,Kappa
7346,Iota
4780,Gamma
8173,Omicron
7121,Iota
10556,Lambda
1142,Alpha
3497,Epsilon
238,Alpha
2047,Delta
10900,Eta
5593,Gamma
2542,Delta
6384,Iota
10656,Lambda
874,Alpha
9067,Eta
5500,Gamma
6521,Iota
11257,Beta
6382,Iota
4320,Epsilon
2066,Delta
3545,Epsilon
10575,Lambda
3966,Epsilon
8843,Omicron
1888,Delta
10689,Zeta
7376,Iota
1119,Alpha
2696,Delta
6919,Iota
10030,Kappa
9452,Beta
4725,Gamma
5573,Gamma
8392,Omicron
197,Alpha
10431,Beta
752,Alpha
1101,Alpha
4184,Epsilon
10424,Beta
6639,Iota
10184,Beta
2996,Delta
4711,Gamma
6439,Iota
8845,Omicron
2511,Delta
7240,Iota
1607,Delta
770,Alpha
2885,Delta
9091,Zeta
8292,Omicron
5884,Gamma
3338,Epsilon
9902,Eta
2342,Delta
7271,Iota
924,Alpha
8928,Omicron
10543,Kappa
5567,Gamma
6674,Iota
4096,Epsilon
5733,Gamma
3102,Epsilon
6586,Iota
373,Alpha
1458,Alpha
6646,Iota
4238,Epsilon
9426,Lambda
4088,Epsilon
7136,Iota
3025,Epsilon
9507,Eta
7756,Omicron
6607,Iota
3639,Epsilon
4764,Gamma
883,Alpha
8316,Omicron
8170,Omicron
9788,Eta
3480,Epsilon
1834,Delta
9093,Zeta
6853,Iota
7360,Iota
7358,Iota
4035,Epsilon
11296,Eta
11115,Zeta
8256,Omicron
2223,Delta
126,Alpha
828,Alpha
8408,Omicron
6437,Iota
8620,Omicron
6227,Iota
10838,Eta
7937,Omicron
10960,Beta
6281,Iota
4718,Gamma
11268,Beta
6828,Iota
10413,Beta
8640,Omicron
10535,Lambda
3375,Epsilon
6801,Iota
4104,Epsilon
7630,Omicron
8407,Omicron
4866,Gamma
10662,Eta
9813,Lambda
8129,Omicron
10163,Beta
9102,Zeta
9991,Kappa
7187,Iota
8796,Omicron
853,Alpha
5355,Gamma
7822,Omicron
1042,Alpha
6556,Iota
725,Alpha
5709,Gamma
7432,Iota
142,Alpha
8063,Omicron
3309,Epsilon
10043,Beta
8467,Omicron
8017,Omicron
4792,Gamma
614,Alpha
6218,Iota
1280,Alpha
10666,Lambda
9025,Zeta
1343,Alpha
4924,Gamma
8879,Omicron
2011,Delta
6838,Iota
51,Alpha
5949,Gamma
5674,Gamma
4047,Epsilon
10719,Zeta
8100,Omicron
2390,Delta
6038,Iota
3313,Epsilon
3963,Epsilon
2992,Delta
5727,Gamma
7140,Iota
7130,Iota
2053,Delta
1469,Alpha
2143,Delta
7705,Omicron
7005,Iota
5317,Gamma
10025,Beta
3754,Epsilon
9634,Eta
7604,Omicron
6924,Iota
393,Alpha
3756,Epsilon
807,Alpha
8108,Omicron
9059,Zeta
3891,Epsilon
8183,Omicron
10928,Beta
10804,Eta
9659,Zeta
273,Alpha
600,Alpha
1076,Alpha
4828,Gamma
2913,Delta
3642,Epsilon
2015,Delta
133,Alpha
8826,Omicron
8663,Omicron
10388,Lambda
6524,Iota
9522,Eta
2435,Delta
9657,Beta
2394,Delta
8182,Omicron
10228,Lambda
2111,Delta
458,Alpha
8109,Omicron
1337,Alpha
4642,Gamma
3179,Epsilon
9601,Kappa
3377,Epsilon
7465,Iota
9200,Beta
4899,Gamma
10993,Beta
5531,Gamma
5422,Gamma
5244,Gamma
1523,Delta
4860,Gamma
3813,Epsilon
1720,Delta
1092,Alpha
8495,Omicron
98,Alpha
4920,Gamma
3608,Epsilon
9533,Lambda
370,Alpha
744,Alpha
4460,Epsilon
11256,Beta
4240,Epsilon
710,Alpha
9116,Zeta
8955,Omicron
219,Alpha
5869,Gamma
9872,Zeta
588,Alpha
489,Alpha
5359,Gamma
11140,Lambda
4256,Epsilon
8561,Omicron
1917,Delta
10737,Zeta
5163,Gamma
10277,Lambda
9715,Eta
6826,Iota
1111,Alpha
2428,Delta
1550,Delta
6897,Iota
1295,Alpha
7526,Omicron
494,Alpha
10158,Eta
7268,Iota
4510,Gamma
9861,Eta
8406,Omicron
7914,Omicron
3882,Epsilon
6261,Iota
10292,Lambda
2025,Delta
3339,Epsilon
2264,Delta
5279,Gamma
9195,Eta
10562,Mu
6991,Iota
10237,Mu
9677,Beta
1125,Alpha
1540,Delta
6866,Iota
4148,Epsilon
6433,Iota
4486,Epsilon
8708,Omicron
2400,Delta
7250,Iota
4424,Epsilon
5729,Gamma
6125,Iota
7301,Iota
5522,Gamma
5791,Gamma
1844,Delta
3594,Epsilon
8324,Omicron
4208,Epsilon
1001,Alpha
5137,Gamma
3978,Epsilon
6560,Iota
6393,Iota
8901,Omicron
9068,Zeta
6579,Iota
2693,Delta
4818,Gamma
7169,Iota
8760,Omicron
7165,Iota
1347,Alpha
4517,Gamma
4377,Epsilon
3909,Epsilon
5628,Gamma
8291,Omicron
5603,Gamma
7633,Omicron
11158,Beta
10304,Lambda
5517,Gamma
5929,Gamma
11189,Beta
7688,Omicron
7583,Omicron
1130,Alpha
4232,Epsilon
944,Alpha
10882,Eta
10482,Lambda
9933,Eta
8102,Omicron
436,Alpha
7953,Omicron
8487,Omicron
8853,Omicron
4007,Epsilon
10273,Lambda
3252,Epsilon
6899,Iota
8905,Omicron
2425,Delta
3440,Epsilon
4195,Epsilon
7350,Iota
11186,Beta
9740,Zeta
7982,Omicron
6108,Iota
531,Alpha
2960,Delta
199,Alpha
4750,Gamma
4061,Epsilon
9176,Zeta
7258,Iota
590,Alpha
1448,Alpha
3872,Epsilon
10421,Beta
9208,Zeta
7981,Omicron
11304,Beta
8220,Omicron
3835,Epsilon
11097,Lambda
11265,Zeta
8309,Omicron
6053,Iota
6682,Iota
5637,Gamma
8713,Omicron
2302,Delta
6536,Iota
5868,Gamma
2810,Delta
9805,Eta
4113,Epsilon
5363,Gamma
5490,Gamma
10415,Lambda
10981,Beta
6564,Iota
2582,Delta
7753,Omicron
4565,Gamma
9090,Zeta
3878,Epsilon
2110,Delta
2096,Delta
4529,Gamma
7521,Omicron
2734,Delta
7286,Iota
3321,Epsilon
1274,Alpha
3034,Epsilon
8460,Omicron
5512,Gamma
71,Alpha
7887,Omicron
5655,Gamma
523,Alpha
7329,Iota
5662,Gamma
7750,Omicron
11244,Beta
8498,Omicron
2424,Delta
3245,Epsilon
3917,Epsilon
207,Alpha
5090,Gamma
10695,Zeta
5074,Gamma
3810,Epsilon
1352,Alpha
3601,Epsilon
10125,Lambda
5312,Gamma
7905,Omicron
2784,Delta
1221,Alpha
2195,Delta
5328,Gamma
469,Alpha
6754,Iota
2617,Delta
7774,Omicron
1106,Alpha
1921,Delta
9241,Zeta
2591,Delta
6706,Iota
2697,Delta
6184,Iota
8022,Omicron
3856,Epsilon
10956,Kappa
10513,Zeta
8104,Omicron
8378,Omicron
6994,Iota
2896,Delta
231,Alpha
1713,Delta
1708,Delta
10988,Beta
8771,Omicron
10757,Eta
7105,Iota
3842,Epsilon
5275,Gamma
8691,Omicron
2199,Delta
4487,Epsilon
870,Alpha
7540,Omicron
5633,Gamma
10337,Zeta
1482,Alpha
1220,Alpha
566,Alpha
7809,Omicron
221,Alpha
1545,Delta
10632,Lambda
1079,Alpha
8452,Omicron
2346,Delta
4077,Epsilon
8705,Omicron
10643,Lambda
7684,Omicron
7283,Iota
4393,Epsilon
8514,Omicron
9311,Beta
8739,Omicron
4663,Gamma
2613,Delta
5933,Gamma
6336,Iota
958,Alpha
2938,Delta
2583,Delta
1670,Delta
9458,Beta
1547,Delta
378,Alpha
9728,Eta
8262,Omicron
8631,Omicron
2713,Delta
1835,Delta
10408,Lambda
5632,Gamma
11267,Eta
300,Alpha
6744,Iota
4591,Gamma
5613,Gamma
2266,Delta
5735,Gamma
563,Alpha
9720,Lambda
10185,Kappa
4783,Gamma
10507,Beta
2549,Delta
251,Alpha
6071,Iota
1796,Delta
5496,Gamma
9495,Beta
7991,Omicron
7741,Omicron
4537,Gamma
940,Alpha
10170,Mu
5969,Gamma
2287,Delta
4786,Gamma
2932,Delta
4159,Epsilon
10336,Mu
3657,Epsilon
7773,Omicron
4771,Gamma
7384,Iota
2316,Delta
3427,Epsilon
2306,Delta
3365,Epsilon
9537,Eta
10293,Lambda
9155,Zeta
10222,Eta
4293,Epsilon
3054,Epsilon
9451,Beta
3126,Epsilon
1212,Alpha
1497,Alpha
6650,Iota
6996,Iota
9240,Lambda
4660,Gamma
3520,Epsilon
9966,Beta
415,Alpha
2409,Delta
7975,Omicron
6293,Iota
755,Alpha
4192,Epsilon
10055,Zeta
10869,Eta
7092,Iota
10466,Lambda
9992,Theta
6280,Iota
7167,Iota
3214,Epsilon
6748,Iota
3103,Epsilon
3363,Epsilon
9860,Beta
11046,Kappa
10127,Mu
1590,Delta
1548,Delta
9078,Zeta
9793,Mu
1905,Delta
11139,Beta
11176,Beta
4160,Epsilon
10362,Eta
3070,Epsilon
2354,Delta
3969,Epsilon
7497,Iota
1447,Alpha
9180,Eta
10265,Eta
10555,Beta
3135,Epsilon
1666,Delta
9636,Eta
9527,Eta
6632,Iota
5543,Gamma
7653,Omicron
8540,Omicron
2392,Delta
3518,Epsilon
10174,Lambda
8142,Omicron
5646,Gamma
4872,Gamma
1154,Alpha
7882,Omicron
8360,Omicron
1463,Alpha
1730,Delta
2001,Delta
7527,Omicron
1431,Alpha
11005,Beta
9261,Zeta
10231,Kappa
3459,Epsilon
3672,Epsilon
2286,Delta
2314,Delta
6686,Iota
7700,Omicron
10073,Eta
5807,Gamma
4739,Gamma
11253,Kappa
5392,Gamma
48,Alpha
5861,Gamma
9284,Eta
8788,Omicron
1795,Delta
1259,Alpha
8555,Omicron
6600,Iota
1371,Alpha
6989,Iota
4992,Gamma
2664,Delta
9080,Zeta
8950,Omicron
8958,Omicron
8593,Omicron
3864,Epsilon
1168,Alpha
5610,Gamma
7211,Iota
3588,Epsilon
2486,Delta
5941,Gamma
1703,Delta
4050,Epsilon
3024,Epsilon
1569,Delta
2920,Delta
7079,Iota
1424,Alpha
4635,Gamma
556,Alpha
6478,Iota
6746,Iota
1419,Alpha
5216,Gamma
6121,Iota
7032,Iota
1628,Delta
4019,Epsilon
6462,Iota
242,Alpha
4304,Epsilon
9111,Zeta
9591,Kappa
9219,Eta
135,Alpha
7523,Omicron
1897,Delta
7225,Iota
143,Alpha
6559,Iota
3555,Epsilon
4427,Epsilon
10884,Eta
2439,Delta
9166,Zeta
8579,Omicron
10880,Eta
10947,Beta
10977,Beta
9717,Kappa
247,Alpha
19,Alpha
1517,Delta
3450,Epsilon
3409,Epsilon
9757,Eta
796,Alpha
2032,Delta
9338,Eta
6168,Iota
1232,Alpha
4497,Epsilon
2520,Delta
5258,Gamma
10726,Zeta
8641,Omicron
10021,Beta
6836,Iota
8414,Omicron
3218,Epsilon
7866,Omicron
6880,Iota
7637,Omicron
6233,Iota
9238,Eta
3489,Epsilon
3204,Epsilon
6759,Iota
11307,Beta
3515,Epsilon
11243,Lambda
580,Alpha
8860,Omicron
3036,Epsilon
7850,Omicron
10949,Lambda
1413,Alpha
10899,Eta
3069,Epsilon
1754,Delta
7656,Omicron
11024,Zeta
4527,Gamma
8113,Omicron
2339,Delta
6096,Iota
11130,Beta
3061,Epsilon
869,Alpha
5721,Gamma
3384,Epsilon
865,Alpha
2472,Delta
6460,Iota
1355,Alpha
7613,Omicron
9438,Eta
1561,Delta
2588,Delta
5388,Gamma
6092,Iota
7323,Iota
10862,Eta
5809,Gamma
6347,Iota
4337,Epsilon
916,Alpha
9114,Zeta
506,Alpha
9924,Eta
5337,Gamma
10540,Zeta
1205,Alpha
712,Alpha
9644,Eta
8925,Omicron
9326,Eta
4070,Epsilon
7841,Omicron
3517,Epsilon
899,Alpha
1123,Alpha
169,Alpha
7044,Iota
8531,Omicron
9800,Eta
3311,Epsilon
7452,Iota
4912,Gamma
6057,Iota
1574,Delta
823,Alpha
4115,Epsilon
7825,Omicron
9838,Lambda
2862,Delta
4574,Gamma
8723,Omicron
10327,Eta
6411,Iota
9942,Beta
1534,Delta
9696,Lambda
2776,Delta
2214,Delta
10703,Lambda
9685,Kappa
62,Alpha
6095,Iota
5046,Gamma
9359,Eta
7814,Omicron
2101,Delta
2644,Delta
10035,Beta
4698,Gamma
1920,Delta
3920,Epsilon
8012,Omicron
1283,Alpha
6906,Iota
3170,Epsilon
11065,Beta
7209,Iota
2344,Delta
11294,Beta
8386,Omicron
6636,Iota
9681,Eta
4467,Epsilon
9579,Beta
8283,Omicron
2246,Delta
8730,Omicron
5617,Gamma
3136,Epsilon
5123,Gamma
2911,Delta
10859,Eta
1145,Alpha
7765,Omicron
4265,Epsilon
9488,Zeta
2670,Delta
3251,Epsilon
10876,Eta
5291,Gamma
3030,Epsilon
3162,Epsilon
8162,Omicron
5134,Gamma
4862,Gamma
1083,Alpha
8557,Omicron
10762,Eta
1147,Alpha
9812,Zeta
6007,Iota
7779,Omicron
5540,Gamma
8960,Omicron
9333,Zeta
9972,Lambda
3570,Epsilon
8743,Omicron
4817,Gamma
3205,Epsilon
410,Alpha
4058,Epsilon
1784,Delta
1572,Delta
10301,Eta
3225,Epsilon
7444,Iota
1869,Delta
10727,Zeta
6059,Iota
641,Alpha
2995,Delta
11126,Beta
4498,Epsilon
6970,Iota
5911,Gamma
10600,Zeta
10516,Zeta
3508,Epsilon
3874,Epsilon
1455,Alpha
9826,Eta
1644,Delta
7290,Iota
9103,Zeta
8477,Omicron
3148,Epsilon
5657,Gamma
527,Alpha
4351,Epsilon
735,Alpha
8607,Omicron
6951,Iota
3947,Epsilon
9818,Lambda
9387,Zeta
8989,Omicron
9650,Eta
4963,Gamma
6664,Iota
4134,Epsilon
4821,Gamma
9343,Eta
10792,Eta
9003,Zeta
9389,Beta
2,Alpha
6154,Iota
5711,Gamma
10598,Kappa
4357,Epsilon
4223,Epsilon
3362,Epsilon
70,Alpha
8983,Omicron
9843,Lambda
9686,Eta
3335,Epsilon
11323,Beta
5439,Gamma
612,Alpha
5233,Gamma
5660,Gamma
5019,Gamma
2764,Delta
1423,Alpha
624,Alpha
8028,Omicron
8720,Omicron
4095,Epsilon
5180,Gamma
5533,Gamma
158,Alpha
2162,Delta
2147,Delta
4763,Gamma
6549,Iota
6545,Iota
10681,Lambda
7014,Iota
362,Alpha
6990,Iota
7266,Iota
2407,Delta
5379,Gamma
7870,Omicron
2641,Delta
1977,Delta
10536,Beta
7275,Iota
1863,Delta
2811,Delta
8419,Omicron
5770,Gamma
1428,Alpha
560,Alpha
5290,Gamma
10359,Lambda
6380,Iota
3679,Epsilon
9071,Zeta
9525,Eta
879,Alpha
2129,Delta
7101,Iota
4941,Gamma
914,Alpha
5386,Gamma
3216,Epsilon
9487,Lambda
2733,Delta
2434,Delta
4532,Gamma
7596,Omicron
628,Alpha
11305,Beta
6654,Iota
1655,Delta
7537,Omicron
10107,Theta
5022,Gamma
6894,Iota
902,Alpha
4059,Epsilon
2127,Delta
7495,Iota
4287,Epsilon
9242,Zeta
8054,Omicron
3408,Epsilon
2270,Delta
10722,Lambda
3248,Epsilon
5532,Gamma
7212,Iota
2382,Delta
2062,Delta
9799,Lambda
8719,Omicron
7550,Omicron
6153,Iota
10176,Lambda
1746,Delta
10129,Kappa
8267,Omicron
3549,Epsilon
1057,Alpha
10761,Lambda
2215,Delta
10221,Beta
1420,Alpha
5238,Gamma
1117,Alpha
5335,Gamma
1472,Alpha
6787,Iota
673,Alpha
5445,Gamma
3852,Epsilon
9271,Lambda
1875,Delta
9263,Zeta
1191,Alpha
5374,Gamma
8759,Omicron
10758,Eta
8545,Omicron
6812,Iota
5235,Gamma
1239,Alpha
8037,Omicron
6900,Iota
3869,Epsilon
2487,Delta
6887,Iota
8294,Omicron
1334,Alpha
7414,Iota
8052,Omicron
5261,Gamma
1364,Alpha
6711,Iota
7798,Omicron
10510,Beta
10146,Lambda
421,Alpha
6202,Iota
8762,Omicron
7958,Omicron
10823,Eta
7919,Omicron
9055,Zeta
4734,Gamma
7362,Iota
9380,Eta
4514,Gamma
10309,Eta
9802,Eta
7855,Omicron
10045,Mu
9307,Lambda
8089,Omicron
1850,Delta
9864,Lambda
8026,Omicron
8885,Omicron
1049,Alpha
9945,Beta
1200,Alpha
5647,Gamma
7077,Iota
8188,Omicron
630,Alpha
2638,Delta
1777,Delta
9970,Eta
4772,Gamma
9974,Lambda
395,Alpha
2105,Delta
2883,Delta
7352,Iota
2762,Delta
5561,Gamma
6368,Iota
5939,Gamma
1342,Alpha
3534,Epsilon
5502,Gamma
9862,Lambda
1209,Alpha
1402,Alpha
6797,Iota
2793,Delta
10603,Beta
1995,Delta
108,Alpha
1773,Delta
6851,Iota
188,Alpha
9066,Zeta
1743,Delta
8596,Omicron
1099,Alpha
7062,Iota
9042,Zeta
10612,Lambda
8499,Omicron
3425,Epsilon
8761,Omicron
5909,Gamma
3709,Epsilon
2785,Delta
4289,Epsilon
4755,Gamma
9428,Eta
4838,Gamma
3373,Epsilon
2839,Delta
3453,Epsilon
3437,Epsilon
775,Alpha
8849,Omicron
6339,Iota
3954,Epsilon
3018,Epsilon
6247,Iota
11066,Kappa
4534,Gamma
2680,Delta
2774,Delta
9577,Zeta
6177,Iota
5186,Gamma
5319,Gamma
9635,Eta
8468,Omicron
10167,Kappa
4163,Epsilon
4740,Gamma
10733,Lambda
5722,Gamma
10225,Lambda
8247,Omicron
5745,Gamma
9694,Zeta
1406,Alpha
10980,Lambda
2350,Delta
9199,Beta
6133,Iota
2234,Delta
1986,Delta
8718,Omicron
10830,Eta
10671,Lambda
3767,Epsilon
1853,Delta
6171,Iota
10028,Beta
7681,Omicron
264,Alpha
4560,Gamma
6835,Iota
9259,Zeta
5506,Gamma
9497,Eta
1233,Alpha
8251,Omicron
4592,Gamma
1439,Alpha
2571,Delta
1159,Alpha
6749,Iota
8898,Omicron
7662,Omicron
10020,Beta
8176,Omicron
2611,Delta
6203,Iota
4897,Gamma
10465,Lambda
4692,Gamma
3226,Epsilon
9744,Eta
3197,Epsilon
2770,Delta
4465,Epsilon
3096,Epsilon
5681,Gamma
7124,Iota
465,Alpha
6667,Iota
2608,Delta
3306,Epsilon
1931,Delta
1097,Alpha
1207,Alpha
10307,Eta
2481,Delta
8993,Omicron
692,Alpha
8091,Omicron
1689,Delta
10472,Eta
10411,Lambda
6234,Iota
9723,Eta
3883,Epsilon
7459,Iota
10850,Eta
9891,Zeta
2056,Delta
3387,Epsilon
4100,Epsilon
3156,Epsilon
7435,Iota
6264,Iota
8616,Omicron
6404,Iota
986,Alpha
6697,Iota
2510,Delta
2029,Delta
11327,Beta
261,Alpha
7189,Iota
4767,Gamma
4586,Gamma
10690,Zeta
5260,Gamma
4085,Epsilon
6405,Iota
10650,Lambda
11300,Beta
3434,Epsilon
1635,Delta
3591,Epsilon
2624,Delta
8253,Omicron
6577,Iota
9100,Zeta
11216,Zeta
3005,Epsilon
5206,Gamma
1385,Alpha
6551,Iota
9842,Lambda
5959,Gamma
1680,Delta
2919,Delta
3933,Epsilon
9310,Eta
3825,Epsilon
2987,Delta
2503,Delta
10685,Eta
10628,Lambda
10040,Mu
10240,Beta
4079,Epsilon
99,Alpha
8975,Omicron
5998,Gamma
6005,Iota
769,Alpha
1891,Delta
1132,Alpha
6335,Iota
8517,Omicron
6805,Iota
5877,Gamma
6094,Iota
8872,Omicron
2689,Delta
7248,Iota
9775,Eta
6756,Iota
4540,Gamma
5919,Gamma
2559,Delta
11235,Beta
7797,Omicron
6976,Iota
753,Alpha
10591,Lambda
4029,Epsilon
586,Alpha
7961,Omicron
7016,Iota
4279,Epsilon
6541,Iota
4086,Epsilon
7040,Iota
2491,Delta
10084,Eta
7155,Iota
5826,Gamma
11022,Zeta
2288,Delta
9697,Lambda
10481,Lambda
5526,Gamma
1304,Alpha
9688,Zeta
2538,Delta
8794,Omicron
10647,Eta
7534,Omicron
10448,Beta
2849,Delta
9551,Lambda
223,Alpha
7691,Omicron
1756,Delta
3581,Epsilon
8682,Omicron
820,Alpha
3973,Epsilon
7632,Omicron
10885,Eta
733,Alpha
1940,Delta
7354,Iota
2728,Delta
9663,Eta
2781,Delta
5589,Gamma
832,Alpha
9539,Beta
2186,Delta
1580,Delta
10663,Lambda
2923,Delta
9509,Eta
1072,Alpha
491,Alpha
1714,Delta
9169,Beta
11118,Beta
10608,Lambda
10005,Beta
8781,Omicron
2692,Delta
2374,Delta
6463,Iota
6259,Iota
7605,Omicron
8778,Omicron
1697,Delta
6144,Iota
7447,Iota
3294,Epsilon
8650,Omicron
4178,Epsilon
7345,Iota
1146,Alpha
10112,Lambda
2540,Delta
6122,Iota
11262,Lambda
10090,Beta
2829,Delta
9079,Zeta
1176,Alpha
3975,Epsilon
10259,Eta
3797,Epsilon
736,Alpha
6200,Iota
7952,Omicron
7427,Iota
4090,Epsilon
3035,Epsilon
8079,Omicron
2543,Delta
3832,Epsilon
8152,Omicron
9,Alpha
2900,Delta
9722,Eta
1998,Delta
5209,Gamma
977,Alpha
5129,Gamma
7745,Omicron
8927,Omicron
8449,Omicron
759,Alpha
6180,Iota
3895,Epsilon
3394,Epsilon
6863,Iota
2529,Delta
2299,Delta
10278,Mu
8980,Omicron
1507,Delta
992,Alpha
9845,Eta
5984,Gamma
10674,Lambda
4826,Gamma
4677,Gamma
347,Alpha
1807,Delta
451,Alpha
6668,Iota
5993,Gamma
10760,Eta
1358,Alpha
974,Alpha
6878,Iota
6302,Iota
7007,Iota
6483,Iota
8177,Omicron
10205,Lambda
2869,Delta
780,Alpha
333,Alpha
6726,Iota
6275,Iota
5281,Gamma
4318,Epsilon
8045,Omicron
11031,Beta
11221,Beta
5109,Gamma
845,Alpha
1229,Alpha
4693,Gamma
8582,Omicron
4613,Gamma
5649,Gamma
6500,Iota
5863,Gamma
6188,Iota
9765,Eta
10739,Zeta
4262,Epsilon
691,Alpha
9960,Beta
1452,Alpha
10138,Lambda
1934,Delta
2325,Delta
3976,Epsilon
10477,Mu
4843,Gamma
9671,Zeta
2171,Delta
413,Alpha
2646,Delta
9565,Beta
11149,Eta
10941,Beta
8464,Omicron
1707,Delta
2989,Delta
6665,Iota
8899,Omicron
8787,Omicron
7970,Omicron
3765,Epsilon
9703,Eta
2716,Delta
3533,Epsilon
6196,Iota
9277,Zeta
8805,Omicron
5323,Gamma
10567,Beta
6767,Iota
6119,Iota
204,Alpha
4803,Gamma
2627,Delta
10970,Lambda
8060,Omicron
5293,Gamma
5511,Gamma
935,Alpha
236,Alpha
10192,Theta
4975,Gamma
720,Alpha
8308,Omicron
10625,Lambda
6366,Iota
7581,Omicron
3151,Epsilon
8957,Omicron
6394,Iota
8866,Omicron
6434,Iota
7511,Omicron
6361,Iota
7853,Omicron
213,Alpha
409,Alpha
153,Alpha
9069,Zeta
9940,Eta
10524,Lambda
5776,Gamma
9137,Zeta
1058,Alpha
104,Alpha
10063,Eta
25,Alpha
2272,Delta
5792,Gamma
3925,Epsilon
10334,Eta
9094,Zeta
8661,Omicron
6413,Iota
8420,Omicron
5440,Gamma
2261,Delta
748,Alpha
2016,Delta
157,Alpha
2519,Delta
6076,Iota
3922,Epsilon
10497,Beta
10533,Lambda
2169,Delta
2220,Delta
10015,Lambda
786,Alpha
10347,Beta
4254,Epsilon
3374,Epsilon
4556,Gamma
3802,Epsilon
4228,Epsilon
8085,Omicron
1589,Delta
123,Alpha
4494,Epsilon
5751,Gamma
5142,Gamma
5404,Gamma
11282,Eta
4630,Gamma
7851,Omicron
6498,Iota
548,Alpha
9882,Kappa
2715,Delta
8469,Omicron
11286,Beta
6552,Iota
7918,Omicron
8313,Omicron
6117,Iota
738,Alpha
7554,Omicron
5895,Gamma
8335,Omicron
2348,Delta
6243,Iota
8359,Omicron
7704,Omicron
8008,Omicron
10824,Eta
4738,Gamma
2009,Delta
8265,Omicron
8290,Omicron
6070,Iota
7660,Omicron
2217,Delta
11303,Theta
5191,Gamma
994,Alpha
2796,Delta
864,Alpha
10879,Eta
5756,Gamma
3724,Epsilon
5858,Gamma
9574,Zeta
5443,Gamma
6054,Iota
8415,Omicron
5934,Gamma
10829,Eta
814,Alpha
10641,Zeta
6845,Iota
7003,Iota
2614,Delta
10778,Eta
1187,Alpha
6873,Iota
9162,Zeta
11203,Eta
3310,Epsilon
4561,Gamma
6615,Iota
655,Alpha
190,Alpha
10753,Eta
6322,Iota
1039,Alpha
6610,Iota
7649,Omicron
3291,Epsilon
4848,Gamma
6958,Iota
6916,Iota
3903,Epsilon
10530,Zeta
2211,Delta
6742,Iota
6455,Iota
8654,Omicron
193,Alpha
5936,Gamma
10358,Kappa
9699,Zeta
3637,Epsilon
7120,Iota
407,Alpha
4401,Epsilon
9457,Eta
7314,Iota
8288,Omicron
6740,Iota
6217,Iota
5725,Gamma
7133,Iota
7629,Omicron
9392,Eta
155,Alpha
6896,Iota
6502,Iota
9662,Eta
8681,Omicron
6677,Iota
9912,Beta
5910,Gamma
3801,Epsilon
7087,Iota
2019,Delta
8204,Omicron
9956,Eta
3048,Epsilon
4806,Gamma
3647,Epsilon
1861,Delta
3678,Epsilon
10422,Zeta
4594,Gamma
9787,Lambda
810,Alpha
3826,Epsilon
2699,Delta
7561,Omicron
1285,Alpha
9806,Zeta
4396,Epsilon
3389,Epsilon
7037,Iota
9885,Eta
9678,Eta
7319,Iota
2006,Delta
1898,Delta
9051,Zeta
3805,Epsilon
4388,Epsilon
10649,Lambda
392,Alpha
6482,Iota
6819,Iota
1963,Delta
9324,Zeta
10937,Beta
318,Alpha
11166,Lambda
7524,Omicron
7157,Iota
6741,Iota
8856,Omicron
10541,Beta
585,Alpha
2930,Delta
5021,Gamma
8271,Omicron
405,Alpha
3187,Epsilon
4930,Gamma
1301,Alpha
5679,Gamma
6390,Iota
11074,Beta
5140,Gamma
6905,Iota
5590,Gamma
6576,Iota
10522,Beta
3748,Epsilon
5303,Gamma
7185,Iota
699,Alpha
8706,Omicron
5112,Gamma
8715,Omicron
3493,Epsilon
5397,Gamma
3119,Epsilon
2952,Delta
4538,Gamma
267,Alpha
200,Alpha
2067,Delta
4417,Epsilon
1909,Delta
3051,Epsilon
11107,Beta
5409,Gamma
6660,Iota
1904,Delta
4575,Gamma
3360,Epsilon
9342,Zeta
3675,Epsilon
3463,Epsilon
5302,Gamma
472,Alpha
6543,Iota
6624,Iota
9230,Zeta
2461,Delta
6284,Iota
1872,Delta
2258,Delta
4932,Gamma
6591,Iota
339,Alpha
11144,Zeta
7357,Iota
789,Alpha
9823,Eta
6454,Iota
4810,Gamma
8946,Omicron
9118,Zeta
7413,Iota
10156,Beta
696,Alpha
8798,Omicron
10932,Theta
5287,Gamma
6397,Iota
6736,Iota
8432,Omicron
9081,Zeta
5205,Gamma
3845,Epsilon
5775,Gamma
1432,Alpha
5815,Gamma
7072,Iota
3609,Epsilon
9922,Eta
6973,Iota
9554,Beta
7438,Iota
5200,Gamma
4447,Epsilon
1241,Alpha
2459,Delta
4981,Gamma
1272,Alpha
4053,Epsilon
1113,Alpha
6475,Iota
8812,Omicron
10929,Zeta
719,Alpha
3358,Epsilon
4245,Epsilon
3943,Epsilon
7848,Omicron
10443,Beta
532,Alpha
3503,Epsilon
434,Alpha
4559,Gamma
7831,Omicron
4799,Gamma
2690,Delta
1994,Delta
3572,Epsilon
569,Alpha
4398,Epsilon
6052,Iota
7920,Omicron
6002,Iota
10456,Lambda
10558,Beta
9012,Zeta
2343,Delta
5619,Gamma
8388,Omicron
4571,Gamma
5227,Gamma
6806,Iota
4874,Gamma
2128,Delta
1512,Delta
11332,Beta
3042,Epsilon
2573,Delta
3539,Epsilon
7771,Omicron
3604,Epsilon
805,Alpha
839,Alpha
9701,Zeta
7878,Omicron
7276,Iota
2633,Delta
4006,Epsilon
10449,Beta
80,Alpha
3043,Epsilon
29,Alpha
9303,Zeta
9444,Beta
9235,Zeta
7942,Omicron
7112,Iota
2816,Delta
3207,Epsilon
93,Alpha
3981,Epsilon
8341,Omicron
3557,Epsilon
6252,Iota
6285,Iota
10553,Beta
3624,Epsilon
5940,Gamma
1509,Delta
1851,Delta
4080,Epsilon
3411,Epsilon
6508,Iota
7055,Iota
495,Alpha
2860,Delta
8756,Omicron
6596,Iota
5588,Gamma
10629,Lambda
8221,Omicron
808,Alpha
1941,Delta
7671,Omicron
863,Alpha
7862,Omicron
1474,Alpha
4046,Epsilon
4033,Epsilon
8501,Omicron
124,Alpha
5706,Gamma
6424,Iota
7247,Iota
997,Alpha
3800,Epsilon
218,Alpha
7694,Omicron
1021,Alpha
10473,Beta
9967,Beta
7090,Iota
9493,Beta
114,Alpha
2107,Delta
6427,Iota
1699,Delta
9334,Eta
1398,Alpha
6940,Iota
4720,Gamma
7768,Omicron
10464,Lambda
5847,Gamma
3544,Epsilon
4180,Epsilon
8867,Omicron
7791,Omicron
1094,Alpha
2197,Delta
4149,Epsilon
10488,Lambda
10315,Lambda
10557,Zeta
3719,Epsilon
1582,Delta
316,Alpha
6172,Iota
1495,Alpha
8888,Omicron
5501,Gamma
243,Alpha
3167,Epsilon
6316,Iota
7461,Iota
742,Alpha
5926,Gamma
2945,Delta
3099,Epsilon
7885,Omicron
8929,Omicron
10504,Zeta
743,Alpha
11087,Zeta
5036,Gamma
1634,Delta
5194,Gamma
3431,Epsilon
11123,Eta
11092,Zeta
1641,Delta
5003,Gamma
5318,Gamma
5832,Gamma
1082,Alpha
3270,Epsilon
1197,Alpha
4719,Gamma
4114,Epsilon
637,Alpha
10526,Lambda
8931,Omicron
7609,Omicron
140,Alpha
364,Alpha
6211,Iota
216,Alpha
7564,Omicron
8986,Omicron
9112,Zeta
7423,Iota
1332,Alpha
5516,Gamma
9964,Mu
4900,Gamma
9892,Lambda
10615,Lambda
5419,Gamma
1150,Alpha
2833,Delta
4127,Epsilon
4433,Epsilon
7528,Omicron
5494,Gamma
11064,Kappa
6183,Iota
9624,Beta
8711,Omicron
6085,Iota
4814,Gamma
9221,Zeta
4676,Gamma
10312,Lambda
5066,Gamma
5871,Gamma
5270,Gamma
10870,Eta
5132,Gamma
10637,Zeta
9911,Beta
6587,Iota
4430,Epsilon
7641,Omicron
6515,Iota
3014,Epsilon
3528,Epsilon
3398,Epsilon
1317,Alpha
6098,Iota
2094,Delta
1734,Delta
6205,Iota
8513,Omicron
8200,Omicron
4389,Epsilon
4399,Epsilon
7116,Iota
7863,Omicron
3644,Epsilon
4822,Gamma
7785,Omicron
10288,Beta
6409,Iota
10944,Zeta
3116,Epsilon
9117,Lambda
3704,Epsilon
3221,Epsilon
2340,Delta
10256,Kappa
9382,Beta
7743,Omicron
3142,Epsilon
228,Alpha
8333,Omicron
6608,Iota
5853,Gamma
2788,Delta
3263,Epsilon
10736,Lambda
7359,Iota
4443,Epsilon
1131,Alpha
5930,Gamma
7536,Omicron
1783,Delta
1074,Alpha
8099,Omicron
11148,Zeta
1425,Alpha
312,Alpha
7946,Omicron
8088,Omicron
967,Alpha
11153,Zeta
3898,Epsilon
2669,Delta
3341,Epsilon
7095,Iota
5035,Gamma
1600,Delta
3285,Epsilon
9852,Eta
6308,Iota
1596,Delta
1031,Alpha
9529,Eta
4016,Epsilon
6895,Iota
8347,Omicron
8235,Omicron
9347,Eta
4999,Gamma
9623,Lambda
6040,Iota
2057,Delta
4212,Epsilon
5865,Gamma
8667,Omicron
3019,Epsilon
9979,Kappa
2838,Delta
3686,Epsilon
5732,Gamma
10699,Zeta
8485,Omicron
5834,Gamma
5923,Gamma
8207,Omicron
3470,Epsilon
4003,Epsilon
6696,Iota
10450,Lambda
1450,Alpha
2157,Delta
4570,Gamma
481,Alpha
9555,Eta
9348,Eta
859,Alpha
3364,Epsilon
2297,Delta
10735,Lambda
6419,Iota
8559,Omicron
205,Alpha
505,Alpha
498,Alpha
3154,Epsilon
3821,Epsilon
6861,Iota
8412,Omicron
11071,Beta
7718,Omicron
5027,Gamma
11214,Beta
6583,Iota
893,Alpha
6700,Iota
1764,Delta
10272,Lambda
130,Alpha
2193,Delta
6050,Iota
7565,Omicron
10679,Eta
8482,Omicron
10124,Lambda
7386,Iota
7518,Omicron
7881,Omicron
7599,Omicron
7516,Omicron
728,Alpha
4869,Gamma
9464,Beta
4011,Epsilon
7727,Omicron
348,Alpha
10509,Mu
6412,Iota
790,Alpha
8697,Omicron
4805,Gamma
10732,Zeta
2567,Delta
10048,Kappa
57,Alpha
5283,Gamma
5556,Gamma
5229,Gamma
4408,Epsilon
6309,Iota
8776,Omicron
11106,Beta
651,Alpha
10211,Beta
6827,Iota
53,Alpha
9316,Eta
10087,Beta
3305,Epsilon
2850,Delta
9988,Kappa
5563,Gamma
9996,Kappa
5816,Gamma
5128,Gamma
5639,Gamma
11169,Beta
9381,Beta
2950,Delta
5413,Gamma
8320,Omicron
9895,Zeta
5972,Gamma
8323,Omicron
1976,Delta
10178,Kappa
7852,Omicron
3303,Epsilon
8737,Omicron
2440,Delta
2024,Delta
10405,Beta
3369,Epsilon
2526,Delta
3238,Epsilon
7064,Iota
7954,Omicron
5597,Gamma
3940,Epsilon
6860,Iota
6843,Iota
799,Alpha
10223,Lambda
749,Alpha
6142,Iota
1654,Delta
3809,Epsilon
8511,Omicron
7547,Omicron
1812,Delta
1294,Alpha
4713,Gamma
147,Alpha
2208,Delta
10011,Beta
4477,Epsilon
1929,Delta
821,Alpha
583,Alpha
9416,Beta
8990,Omicron
9918,Eta
9909,Kappa
7141,Iota
5624,Gamma
7001,Iota
8721,Omicron
8880,Omicron
8598,Omicron
2087,Delta
7353,Iota
5928,Gamma
10979,Beta
10664,Beta
6373,Iota
7871,Omicron
6416,Iota
6831,Iota
9971,Kappa
5033,Gamma
6396,Iota
10494,Lambda
10746,Eta
7114,Iota
9062,Zeta
5300,Gamma
2301,Delta
4411,Epsilon
6477,Iota
10269,Mu
9612,Beta
4687,Gamma
8624,Omicron
1170,Alpha
1925,Delta
6585,Iota
5252,Gamma
7815,Omicron
6209,Iota
11200,Beta
11226,Beta
7204,Iota
8551,Omicron
2635,Delta
6189,Iota
3256,Epsilon
7082,Iota
10831,Eta
2046,Delta
1086,Alpha
5368,Gamma
1135,Alpha
7059,Iota
991,Alpha
2184,Delta
2656,Delta
8358,Omicron
4685,Gamma
1462,Alpha
7280,Iota
8763,Omicron
5146,Gamma
1404,Alpha
963,Alpha
5764,Gamma
4125,Epsilon
6620,Iota
1658,Delta
479,Alpha
3329,Epsilon
4473,Epsilon
8057,Omicron
1077,Alpha
1649,Delta
5914,Gamma
2310,Delta
5061,Gamma
5903,Gamma
10511,Beta
8857,Omicron
6957,Iota
7242,Iota
2469,Delta
8185,Omicron
8585,Omicron
6238,Iota
5470,Gamma
5030,Gamma
7287,Iota
10584,Lambda
6753,Iota
6173,Iota
5356,Gamma
1679,Delta
4274,Epsilon
139,Alpha
10305,Lambda
2926,Delta
423,Alpha
2156,Delta
6363,Iota
4632,Gamma
2137,Delta
6709,Iota
1693,Delta
1418,Alpha
8976,Omicron
6948,Iota
150,Alpha
6932,Iota
6307,Iota
7097,Iota
386,Alpha
8972,Omicron
8484,Omicron
5043,Gamma
7965,Omicron
3986,Epsilon
6492,Iota
6501,Iota
499,Alpha
10589,Kappa
8724,Omicron
6399,Iota
1080,Alpha
6282,Iota
10217,Beta
5785,Gamma
5131,Gamma
5007,Gamma
250,Alpha
10268,Lambda
5669,Gamma
5585,Gamma
3962,Epsilon
5817,Gamma
2179,Delta
5041,Gamma
2843,Delta
5151,Gamma
5448,Gamma
3336,Epsilon
4648,Gamma
8016,Omicron
1538,Delta
6647,Iota
2821,Delta
1638,Delta
4261,Epsilon
10395,Beta
9875,Kappa
5339,Gamma
5524,Gamma
9679,Kappa
8321,Omicron
8454,Omicron
2088,Delta
794,Alpha
695,Alpha
1763,Delta
10784,Eta
1571,Delta
9816,Lambda
8230,Omicron
1345,Alpha
8836,Omicron
1486,Alpha
10459,Zeta
6213,Iota
4455,Epsilon
7998,Omicron
9639,Lambda
8870,Omicron
1013,Alpha
6456,Iota
7666,Omicron
741,Alpha
7854,Omicron
9846,Eta
1328,Alpha
7091,Iota
7697,Omicron
487,Alpha
4819,Gamma
9001,Kappa
2345,Delta
167,Alpha
6672,Iota
6011,Iota
10519,Lambda
1704,Delta
7838,Omicron
4543,Gamma
1475,Alpha
9771,Eta
78,Alpha
9184,Zeta
376,Alpha
1100,Alpha
4922,Gamma
5042,Gamma
10425,Mu
6704,Iota
3928,Epsilon
10569,Zeta
8345,Omicron
8036,Omicron
522,Alpha
7628,Omicron
4669,Gamma
2412,Delta
6995,Iota
2249,Delta
10946,Zeta
10244,Mu
9340,Eta
17,Alpha
1400,Alpha
4489,Epsilon
7869,Omicron
9708,Eta
1619,Delta
5553,Gamma
8693,Omicron
7342,Iota
2149,Delta
1217,Alpha
10294,Beta
8735,Omicron
10734,Zeta
8396,Omicron
9614,Kappa
3195,Epsilon
5067,Gamma
3911,Epsilon
8935,Omicron
6972,Iota
5651,Gamma
1612,Delta
11016,Beta
5999,Gamma
8039,Omicron
2323,Delta
10890,Eta
5621,Gamma
3290,Epsilon
9076,Eta
3606,Epsilon
6625,Iota
5974,Gamma
5096,Gamma
7049,Iota
5577,Gamma
6854,Iota
6526,Iota
2483,Delta
6012,Iota
10951,Beta
2662,Delta
7670,Omicron
1801,Delta
8544,Omicron
5642,Gamma
3643,Epsilon
6377,Iota
10357,Zeta
8064,Omicron
3585,Epsilon
5948,Gamma
7938,Omicron
8666,Omicron
7860,Omicron
1520,Delta
5051,Gamma
4171,Epsilon
8402,Omicron
8325,Omicron
8161,Omicron
9045,Zeta
867,Alpha
8827,Omicron
4060,Epsilon
4168,Epsilon
4032,Epsilon
6034,Iota
8493,Omicron
2775,Delta
2048,Delta
7959,Omicron
6885,Iota
4655,Gamma
6341,Iota
477,Alpha
3870,Epsilon
5411,Gamma
8973,Omicron
1511,Delta
4150,Epsilon
819,Alpha
457,Alpha
4203,Epsilon
3830,Epsilon
2430,Delta
3595,Epsilon
4717,Gamma
1484,Alpha
6817,Iota
5174,Gamma
5947,Gamma
10550,Zeta
3858,Epsilon
3485,Epsilon
2577,Delta
4987,Gamma
10234,Kappa
1936,Delta
4835,Gamma
5447,Gamma
5754,Gamma
10851,Eta
10789,Beta
4087,Epsilon
9983,Beta
4587,Gamma
2642,Delta
5039,Gamma
8101,Omicron
4495,Epsilon
4572,Gamma
7050,Iota
8205,Omicron
10857,Eta
10400,Mu
1989,Delta
2973,Delta
6935,Iota
10029,Kappa
11298,Beta
5166,Gamma
6374,Iota
3957,Epsilon
326,Alpha
9622,Lambda
5578,Gamma
5752,Gamma
4294,Epsilon
3068,Epsilon
10945,Beta
8083,Omicron
4617,Gamma
7842,Omicron
161,Alpha
7361,Iota
907,Alpha
7065,Iota
6701,Iota
401,Alpha
6602,Iota
7237,Iota
6033,Iota
9939,Beta
9361,Zeta
10886,Eta
10873,Eta
1266,Alpha
4884,Gamma
1631,Delta
7227,Iota
5513,Gamma
3865,Epsilon
6112,Iota
1581,Delta
4879,Gamma
1705,Delta
6379,Iota
8535,Omicron
8303,Omicron
6017,Iota
10814,Eta
2893,Delta
11151,Beta
3651,Epsilon
2723,Delta
6204,Iota
1499,Alpha
3229,Epsilon
6655,Iota
3008,Epsilon
4943,Gamma
5636,Gamma
11180,Eta
9181,Eta
8217,Omicron
1952,Delta
1906,Delta
5787,Gamma
2274,Delta
1892,Delta
9141,Zeta
513,Alpha
8908,Omicron
1341,Alpha
9046,Zeta
6187,Iota
4535,Gamma
632,Alpha
10126,Theta
970,Alpha
579,Alpha
8770,Omicron
633,Alpha
6025,Iota
6428,Iota
6279,Iota
2308,Delta
7849,Omicron
2599,Delta
7265,Iota
4221,Epsilon
10891,Eta
8917,Omicron
3109,Epsilon
1518,Delta
3811,Epsilon
10213,Beta
10772,Lambda
8969,Omicron
428,Alpha
2125,Delta
8,Alpha
440,Alpha
1741,Delta
5661,Gamma
8784,Omicron
3989,Epsilon
7043,Iota
5841,Gamma
7725,Omicron
3829,Epsilon
9017,Beta
2585,Delta
7464,Iota
4387,Epsilon
10861,Zeta
2676,Delta
4363,Epsilon
4682,Gamma
9419,Lambda
7481,Iota
8157,Omicron
2283,Delta
3739,Epsilon
9011,Zeta
2903,Delta
1881,Delta
4787,Gamma
9828,Lambda
5080,Gamma
5053,Gamma
7156,Iota
9630,Beta
3076,Epsilon
1728,Delta
1519,Delta
2813,Delta
6562,Iota
424,Alpha
3111,Epsilon
10783,Eta
3507,Epsilon
3838,Epsilon
954,Alpha
4935,Gamma
7218,Iota
4454,Epsilon
8676,Omicron
8322,Omicron
3227,Epsilon
8919,Omicron
5921,Gamma
547,Alpha
1595,Delta
3496,Epsilon
5062,Gamma
10340,Kappa
3349,Epsilon
5656,Gamma
9205,Zeta
1733,Delta
11269,Beta
6400,Iota
2738,Delta
4859,Gamma
2847,Delta
6614,Iota
4855,Gamma
6847,Iota
4546,Gamma
886,Alpha
8044,Omicron
6532,Iota
9123,Eta
4024,Epsilon
7755,Omicron
5460,Gamma
1392,Alpha
581,Alpha
10442,Beta
10926,Zeta
11018,Beta
322,Alpha
8802,Omicron
8279,Omicron
1362,Alpha
8581,Omicron
3610,Epsilon
4888,Gamma
8196,Omicron
747,Alpha
2853,Delta
10353,Kappa
10444,Beta
10433,Beta
11325,Beta
8009,Omicron
5886,Gamma
1622,Delta
7370,Iota
6598,Iota
1645,Delta
4084,Epsilon
4141,Epsilon
1122,Alpha
11240,Zeta
4200,Epsilon
4723,Gamma
7221,Iota
2416,Delta
9669,Kappa
1023,Alpha
7996,Omicron
1755,Delta
6185,Iota
2309,Delta
7934,Omicron
2754,Delta
2490,Delta
10856,Eta
4371,Epsilon
6303,Iota
1227,Alpha
4651,Gamma
8339,Omicron
10896,Eta
4774,Gamma
7277,Iota
9339,Beta
542,Alpha
8086,Omicron
657,Alpha
8155,Omicron
6780,Iota
2210,Delta
7846,Omicron
8192,Omicron
8123,Omicron
8528,Omicron
1771,Delta
952,Alpha
3246,Epsilon
1772,Delta
8746,Omicron
6617,Iota
11288,Beta
4908,Gamma
9797,Lambda
2735,Delta
9301,Eta
570,Alpha
7445,Iota
363,Alpha
6684,Iota
4280,Epsilon
2040,Delta
9963,Beta
5308,Gamma
3010,Epsilon
1930,Delta
1156,Alpha
5782,Gamma
88,Alpha
4190,Epsilon
8651,Omicron
3573,Epsilon
593,Alpha
10889,Eta
1134,Alpha
2872,Delta
5311,Gamma
337,Alpha
10407,Lambda
7117,Iota
160,Alpha
2387,Delta
42,Alpha
1528,Delta
3271,Epsilon
9863,Lambda
9383,Eta
6236,Iota
6,Alpha
5465,Gamma
5766,Gamma
1702,Delta
6148,Iota
3458,Epsilon
9901,Kappa
3326,Epsilon
9404,Zeta
6657,Iota
10881,Eta
7762,Omicron
10994,Beta
7892,Omicron
4611,Gamma
7344,Iota
10196,Beta
1389,Alpha
1903,Delta
459,Alpha
9435,Beta
2615,Delta
6265,Iota
4306,Epsilon
10109,Lambda
910,Alpha
6514,Iota
4181,Epsilon
8516,Omicron
4189,Epsilon
5025,Gamma
8018,Omicron
6942,Iota
10527,Zeta
10085,Kappa
3149,Epsilon
353,Alpha
10038,Beta
7800,Omicron
3777,Epsilon
2831,Delta
7293,Iota
6352,Iota
1325,Alpha
9656,Zeta
4658,Gamma
7752,Omicron
1852,Delta
11311,Beta
6980,Iota
4299,Epsilon
10756,Zeta
4121,Epsilon
68,Alpha
2528,Delta
7781,Omicron
10399,Mu
168,Alpha
5149,Gamma
6786,Iota
3861,Epsilon
7610,Omicron
1841,Delta
4903,Gamma
5017,Gamma
10849,Eta
6909,Iota
10904,Eta
1716,Delta
6358,Iota
369,Alpha
802,Alpha
11254,Beta
3481,Epsilon
6913,Iota
4997,Gamma
10965,Beta
11315,Beta
5099,Gamma
3163,Epsilon
5530,Gamma
816,Alpha
6169,Iota
10611,Lambda
4278,Epsilon
7285,Iota
1729,Delta
5541,Gamma
3808,Epsilon
5176,Gamma
8046,Omicron
7620,Omicron
6124,Iota
4633,Gamma
11281,Beta
9870,Beta
9133,Eta
10,Alpha
9479,Zeta
6693,Iota
6937,Iota
8216,Omicron
352,Alpha
3454,Epsilon
9999,Eta
8465,Omicron
5382,Gamma
6401,Iota
1700,Delta
9472,Eta
6570,Iota
5341,Gamma
2484,Delta
6768,Iota
9215,Zeta
9164,Zeta
3318,Epsilon
1975,Delta
3551,Epsilon
6353,Iota
2202,Delta
934,Alpha
9156,Eta
3722,Epsilon
5138,Gamma
1069,Alpha
196,Alpha
1804,Delta
2949,Delta
6469,Iota
3780,Epsilon
11201,Beta
4445,Epsilon
10771,Eta
7788,Omicron
8225,Omicron
7379,Iota
1489,Alpha
5758,Gamma
2385,Delta
10275,Mu
5269,Gamma
674,Alpha
10819,Eta
7313,Iota
3112,Epsilon
7489,Iota
1602,Delta
6389,Iota
1797,Delta
2142,Delta
2710,Delta
3648,Epsilon
980,Alpha
6681,Iota
4267,Epsilon
11222,Beta
3477,Epsilon
9237,Lambda
1718,Delta
10429,Beta
9206,Zeta
8033,Omicron
9321,Beta
1196,Alpha
9312,Zeta
7747,Omicron
2446,Delta
7907,Omicron
4312,Epsilon
2574,Delta
8051,Omicron
4480,Epsilon
1873,Delta
9159,Zeta
9087,Zeta
111,Alpha
707,Alpha
33,Alpha
5586,Gamma
2051,Delta
2787,Delta
4579,Gamma
4329,Epsilon
3586,Epsilon
5736,Gamma
4107,Epsilon
7147,Iota
8891,Omicron
9884,Beta
4716,Gamma
136,Alpha
173,Alpha
8893,Omicron
1516,Delta
1090,Alpha
2456,Delta
11215,Eta
431,Alpha
6015,Iota
2372,Delta
8381,Omicron
866,Alpha
3519,Epsilon
2504,Delta
8695,Omicron
1522,Delta
10006,Lambda
5536,Gamma
5804,Gamma
2467,Delta
2341,Delta
5471,Gamma
4868,Gamma
1698,Delta
1064,Alpha
10580,Lambda
7717,Omicron
176,Alpha
1440,Alpha
8538,Omicron
1305,Alpha
11109,Beta
4064,Epsilon
8421,Omicron
2061,Delta
7163,Iota
4958,Gamma
2033,Delta
3011,Epsilon
4623,Gamma
6370,Iota
9764,Lambda
8996,Omicron
7602,Omicron
943,Alpha
1422,Alpha
7778,Omicron
4619,Gamma
6109,Iota
6544,Iota
8530,Omicron
10740,Eta
4419,Epsilon
4595,Gamma
493,Alpha
4880,Gamma
262,Alpha
2059,Delta
7872,Omicron
1514,Delta
2660,Delta
5894,Gamma
2080,Delta
1262,Alpha
10314,Theta
10750,Eta
7865,Omicron
9506,Beta
858,Alpha
4599,Gamma
6983,Iota
8549,Omicron
2579,Delta
5686,Gamma
4524,Gamma
10767,Eta
5675,Gamma
8014,Omicron
8153,Omicron
5838,Gamma
5245,Gamma
11289,Theta
10054,Kappa
4108,Epsilon
988,Alpha
1513,Delta
669,Alpha
11291,Beta
4863,Gamma
5045,Gamma
2655,Delta
7709,Omicron
9695,Eta
609,Alpha
7400,Iota
8940,Omicron
511,Alpha
1426,Alpha
9743,Zeta
5904,Gamma
8678,Omicron
7847,Omicron
2237,Delta
763,Alpha
9777,Zeta
1256,Alpha
4224,Epsilon
6028,Iota
9980,Kappa
6367,Iota
7482,Iota
8351,Omicron
654,Alpha
604,Alpha
8754,Omicron
9968,Eta
8434,Omicron
976,Alpha
5362,Gamma
1860,Delta
8606,Omicron
10728,Lambda
5085,Gamma
4820,Gamma
9275,Lambda
10934,Beta
6181,Iota
900,Alpha
2311,Delta
1606,Delta
518,Alpha
5082,Gamma
4915,Gamma
384,Alpha
5124,Gamma
2126,Delta
7150,Iota
6315,Iota
11136,Beta
1496,Alpha
3566,Epsilon
5937,Gamma
908,Alpha
113,Alpha
5917,Gamma
2959,Delta
7733,Omicron
11007,Beta
979,Alpha
6652,Iota
10751,Eta
3316,Epsilon
5259,Gamma
9351,Eta
2700,Delta
1821,Delta
7197,Iota
174,Alpha
8073,Omicron
6448,Iota
5576,Gamma
6086,Iota
4231,Epsilon
10356,Lambda
4345,Epsilon
8168,Omicron
8522,Omicron
9074,Zeta
1163,Alpha
8633,Omicron
6250,Iota
4251,Epsilon
9598,Beta
11182,Beta
6320,Iota
1991,Delta
663,Alpha
1175,Alpha
2064,Delta
8367,Omicron
4013,Epsilon
6816,Iota
1158,Alpha
10311,Beta
7603,Omicron
10638,Eta
5201,Gamma
8506,Omicron
1451,Alpha
2460,Delta
1594,Delta
8944,Omicron
8311,Omicron
1290,Alpha
9039,Zeta
10593,Kappa
1966,Delta
1213,Alpha
6529,Iota
314,Alpha
2003,Delta
9346,Eta
2818,Delta
6305,Iota
11076,Beta
1660,Delta
426,Alpha
336,Alpha
4547,Gamma
6290,Iota
8297,Omicron
9516,Eta
7719,Omicron
8356,Omicron
9830,Eta
8107,Omicron
3242,Epsilon
8814,Omicron
10963,Beta
4186,Epsilon
9596,Lambda
7695,Omicron
5148,Gamma
6571,Iota
8442,Omicron
3158,Epsilon
2398,Delta
10785,Zeta
872,Alpha
4978,Gamma
5459,Gamma
5985,Gamma
3381,Epsilon
617,Alpha
519,Alpha
4206,Epsilon
5285,Gamma
10392,Kappa
9075,Zeta
7668,Omicron
3428,Epsilon
4964,Gamma
7899,Omicron
1110,Alpha
7973,Omicron
5350,Gamma
14,Alpha
6553,Iota
44,Alpha
5139,Gamma
3022,Epsilon
3658,Epsilon
9629,Zeta
4204,Epsilon
6702,Iota
11002,Beta
7208,Iota
5071,Gamma
45,Alpha
8429,Omicron
4413,Epsilon
7145,Iota
1597,Delta
23,Alpha
11278,Beta
10525,Beta
4217,Epsilon
824,Alpha
7038,Iota
3855,Epsilon
187,Alpha
7143,Iota
1824,Delta
2523,Delta
4311,Epsilon
739,Alpha
10100,Lambda
7367,Iota
9146,Zeta
852,Alpha
2376,Delta
9599,Lambda
9400,Eta
6987,Iota
1164,Alpha
8767,Omicron
1504,Delta
3652,Epsilon
9965,Eta
7430,Iota
6784,Iota
1543,Delta
909,Alpha
4606,Gamma
4167,Epsilon
8486,Omicron
249,Alpha
10206,Beta
7570,Omicron
8257,Omicron
2844,Delta
724,Alpha
11192,Beta
1178,Alpha
2971,Delta
3548,Epsilon
1673,Delta
2750,Delta
9073,Zeta
5286,Gamma
191,Alpha
2963,Delta
5059,Gamma
11135,Beta
3578,Epsilon
5000,Gamma
8369,Omicron
7454,Iota
2756,Delta
9648,Eta
9779,Eta
3471,Epsilon
3237,Epsilon
8077,Omicron
1748,Delta
11055,Beta
248,Alpha
1684,Delta
9906,Zeta
8881,Omicron
2319,Delta
5195,Gamma
10485,Beta
1320,Alpha
254,Alpha
50,Alpha
7238,Iota
